Model,Power,Unit,EnginesQty,MaxCruiseSpeed,TravelRange,ServiceCeiling,RateOfClimb,MaxTakeOffWeight,MaxPayload,FuelTankCapacity,ExteriorLength,WingSpanRotorDiameter
Boeing 787-10 Dreamliner,76000.0,lbf,2,515.0,6430.0,43000.0,3000.0,254011.0,57277.0,33399.0,224.08,197.24
Airbus A380-800,81500.0,lbf,4,587.0,8000.0,43000.0,1500.0,575000.0,87000.0,85472.0,238.61,261.64
Airbus A300B2,53000.0,lbf,2,495.0,1850.0,35000.0,3000.0,142000.0,34590.0,11623.0,175.88,147.08
Airbus A350-800,74000.0,lbf,2,510.0,8316.0,43000.0,3000.0,259000.0,35700.0,39626.0,198.82,212.43
McDonnell Douglas MD-11,61500.0,lbf,3,519.0,7240.0,43000.0,2000.0,285988.0,66549.0,41615.0,202.16,170.5
Airbus A340-500,54000.0,lbf,4,475.0,9000.0,41450.0,5700.0,344730.0,54100.0,58875.0,222.77,208.17
Airbus A340-600,61902.0,lbf,4,480.0,7802.0,41450.0,5700.0,344730.0,62300.0,54023.0,247.24,208.17
Airbus A340-300,34000.0,lbf,4,470.0,7300.0,41000.0,5700.0,250836.0,39463.0,39060.0,208.66,197.83
Airbus A380-900,80210.0,lbf,4,488.0,8100.0,43000.0,12.0,521631.0,92900.0,84600.0,259.18,261.81
McDonnell Douglas DC-8-72,34000.0,lbf,4,488.0,9800.0,42000.0,2200.0,152000.0,19000.0,24275.0,157.48,138.78
McDonnell Douglas DC-9-20,15000.0,lbf,2,485.0,1500.0,35000.0,2500.0,45359.0,11501.0,3679.0,104.4,93.31
McDonnell Douglas DC-8-73,22000.0,lbf,4,488.0,4500.0,42000.0,2200.0,161027.0,48826.0,24260.0,187.01,142.39
Airbus A320-200,27000.0,lbf,2,514.0,3300.0,39000.0,2500.0,78000.0,19950.0,7841.0,123.26,117.45
Boeing 747 Supertanker,54750.0,lbf,4,520.0,5680.0,35000.0,1000.0,377842.0,139000.0,53985.0,231.95,195.54
Airbus A320 Prestige,26500.0,lbf,2,450.0,3078.0,41000.0,3500.0,77000.0,19219.0,7880.0,123.26,111.88
McDonnell Douglas DC-8-71,34000.0,lbf,4,483.0,6500.0,42000.0,2200.0,148800.0,27400.0,23393.0,187.01,148.42
Boeing 737-700,26100.0,lbf,2,473.0,3445.0,41000.0,3000.0,70080.0,17554.0,6875.0,110.33,117.42
McDonnell Douglas DC-8-52,18000.0,lbf,4,483.0,5855.0,35000.0,1300.0,142883.0,23587.0,23393.0,150.59,142.39
Airbus A319 ACJ,23500.0,lbf,2,516.0,6500.0,41000.0,3000.0,75500.0,14000.0,7885.0,111.02,111.88
Airbus A319neo,24100.0,lbf,2,450.0,3700.0,39800.0,3500.0,75478.0,17690.0,7060.0,111.02,117.45
Airbus A319-100,23500.0,lbf,2,514.0,3672.0,41000.0,3500.0,75500.0,14000.0,6303.0,111.02,111.88
Boeing F/A-18 Hornet,17750.0,lbf,2,1034.0,1800.0,50000.0,45000.0,23590.0,7000.0,2625.0,56.1,40.35
Boeing F/A-18 Super Hornet,22000.0,lbf,2,1032.0,1275.0,50000.0,44890.0,29937.0,8050.0,1761.0,60.07,44.68
T45 Goshawk,5845.0,lbf,1,560.0,1400.0,42500.0,8000.0,6123.0,500.0,432.0,39.34,30.81
F-15E Strike Eagle,29000.0,lbf,2,1629.0,2100.0,60000.0,50000.0,36700.0,10500.0,5500.0,63.65,42.81
VC-25A Air Force One,56700.0,lbf,4,548.0,6850.0,45100.0,1500.0,377842.0,68180.0,53611.0,231.62,195.54
Boeing F-15SE Silent Eagle,29000.0,lbf,2,1434.0,2100.0,60000.0,50000.0,36700.0,13154.0,1960.0,63.65,42.81
Boeing BBJ3 737-900ER,27300.0,lbf,2,473.0,5475.0,41000.0,3000.0,85139.0,20738.0,10966.0,138.12,117.12
Boeing E-6 Tacamo,22000.0,lbf,4,522.0,6600.0,40000.0,3500.0,154400.0,66226.0,23985.0,150.26,148.29
Boeing C-40A Clipper,27300.0,lbf,2,542.0,3000.0,41000.0,3000.0,77565.0,18144.0,6875.0,110.33,112.6
Boeing C-17 Globemaster III,40440.0,lbf,4,450.0,2420.0,45000.0,1500.0,265352.0,77520.0,35546.0,173.88,169.78
Boeing BBJ2 737-800,27300.0,lbf,2,473.0,3060.0,41000.0,3000.0,79015.0,18859.0,6875.0,129.59,117.42
Boeing B-52 Stratofortress,17000.0,lbf,8,560.0,7652.0,50000.0,6270.0,220000.0,31500.0,47975.0,159.12,185.04
Boeing BBJ MAX 9,28000.0,lbf,2,470.0,6515.0,41000.0,3100.0,88314.0,17427.0,11005.0,138.38,117.09
Boeing B-29 Superfortress,2200.0,hp,4,317.0,5066.0,31850.0,900.0,61000.0,10000.0,9548.0,99.01,141.24
Boeing BBJ 737-700,27300.0,lbf,2,473.0,6196.0,41000.0,3000.0,77564.0,15300.0,8360.0,110.23,117.42
EADS CASA C-295,2644.0,hp,2,260.0,2600.0,25000.0,2000.0,23200.0,9250.0,2020.0,80.25,84.68
Boeing B-47 Stratojet,7200.0,lbf,6,527.0,4038.0,40500.0,4350.0,104310.0,11340.0,17000.0,107.09,116.01
Piaggio Aero P-166 DP1,615.0,hp,2,220.0,1100.0,28000.0,2200.0,4300.0,1073.0,307.0,38.98,48.19
Antonov An-32,5112.0,hp,2,250.0,1300.0,31200.0,1260.0,59525.0,6700.0,792.0,78.02,95.8
Blackburn Beverley,2850.0,hp,4,208.0,3440.0,16000.0,760.0,61235.0,20000.0,8260.0,99.41,162.07
Bell P-39 Airacobra,1200.0,hp,1,338.0,565.0,36000.0,3800.0,3810.0,270.0,120.0,30.15,33.99
Bristol Beaufighter,1750.0,hp,2,290.0,1520.0,26500.0,1600.0,11521.0,2000.0,819.0,41.34,57.84
Bell P-63 Kingcobra,1800.0,hp,1,360.0,390.0,43000.0,2500.0,4853.0,750.0,136.0,32.68,38.32
Sukhoi Su-33 “Flanker-D”,27560.0,lbf,2,756.0,1620.0,55800.0,64350.0,33000.0,6500.0,3196.0,71.98,48.23
Beechcraft T-6C Military Trainer,1100.0,hp,1,316.0,1382.0,31000.0,3850.0,3130.0,1000.0,306.0,33.33,33.46
Sukhoi Su-25 “Frogfoot”,9930.0,lbf,2,513.0,540.0,23000.0,11400.0,19300.0,4400.0,1250.0,50.29,47.11
Sukhoi Su-47 Berkut “Firkin”,35000.0,lbf,2,1200.0,1800.0,59050.0,45900.0,34000.0,7900.0,985.0,74.15,54.79
Pilatus PC-9 M,1150.0,hp,1,320.0,860.0,37990.0,3880.0,3200.0,1050.0,236.0,33.4,33.43
NAA T-2 Buckeye,2950.0,lbf,2,450.0,930.0,45200.0,6200.0,5978.0,300.0,691.0,38.71,38.06
Sukhoi Su-24 “Fencer”,24700.0,lbf,2,710.0,1500.0,36000.0,30000.0,43755.0,8000.0,3960.0,73.92,57.87
Sukhoi Su-34 / Su-32 “Fullback”,30000.0,lbf,2,1026.0,3780.0,49200.0,45275.0,45100.0,8000.0,3980.0,76.57,48.23
Sukhoi Su-27 “Flanker”,27600.0,lbf,2,1546.0,1906.0,62000.0,54000.0,30450.0,4500.0,3080.0,71.85,48.23
Tupolev Tu-160 Blackjack,55000.0,lbf,4,745.0,6600.0,52000.0,14000.0,275000.0,16330.0,39097.0,177.49,182.74
Alenia Aermacchi MB-339,4400.0,lbf,1,484.0,950.0,48000.0,6595.0,13999.0,1361.0,373.0,36.88,36.81
Fairchild C-82 Packet,2100.0,hp,2,216.0,3370.0,27000.0,950.0,24545.0,8165.0,2600.0,77.1,106.49
Alenia Aermacchi M-346,6300.0,lbf,2,572.0,1039.0,45000.0,25000.0,9000.0,3000.0,529.0,37.7,31.89
Alenia Aermacchi SF-260,260.0,hp,1,178.0,1170.0,20000.0,1791.0,1300.0,157.0,62.0,22.97,27.39
Chengdu FC-1 Fierce Dragon,19000.0,lbf,1,734.0,1300.0,55000.0,59000.0,12700.0,3000.0,615.0,48.98,30.97
BAE Hawk,6500.0,lbf,1,492.0,1360.0,44500.0,9300.0,4480.0,3000.0,750.0,40.78,32.61
Tupolev Tu-204,35580.0,lbf,2,460.0,2700.0,39700.0,2500.0,110750.0,30000.0,9430.0,151.38,137.14
Lockheed Martin C-130J Super Hercules,4700.0,hp,4,365.0,2390.0,33000.0,1830.0,79365.0,21500.0,9680.0,112.76,132.54
Lockheed L-1011 TriStar 500,50000.0,lbf,3,525.0,5349.0,43000.0,2820.0,231332.0,42003.0,31642.0,164.2,164.37
Cessna 414 Chancellor,310.0,hp,2,235.0,1328.0,30800.0,1520.0,3061.0,802.0,213.0,36.42,44.16
Lockheed T-33 Shooting Star,5400.0,lbf,1,520.0,1108.0,48000.0,4870.0,6832.0,700.0,813.0,37.76,38.88
Lockheed SR-71 Blackbird,34000.0,lbf,2,1911.0,2900.0,85000.0,11820.0,78018.0,1588.0,12219.0,107.41,55.58
Cessna 411,340.0,hp,2,233.0,1100.0,26000.0,1600.0,2948.0,975.0,196.0,33.46,39.86
Cessna 404 Titan,375.0,hp,2,232.0,1840.0,26000.0,1575.0,3810.0,1254.0,340.0,39.5,46.69
Lockheed P-80 Shooting Star,4600.0,lbf,1,516.0,1200.0,46800.0,6870.0,7257.0,1000.0,885.0,34.45,38.81
Lockheed P-38 Lightning,1600.0,hp,2,360.0,1995.0,44000.0,4750.0,9798.0,1800.0,1162.0,37.83,52.0
Lockheed Martin P-3 Orion,4600.0,hp,4,411.0,4860.0,28300.0,3140.0,64410.0,26218.0,9200.0,116.8,99.74
Cessna 402 Businessliner,325.0,hp,2,231.0,1273.0,26900.0,1450.0,3107.0,950.0,206.0,36.42,44.29
Cessna 400 Corvalis TT,310.0,hp,1,235.0,1250.0,25000.0,1450.0,1633.0,340.0,106.0,25.16,35.76
Cessna 350 Corvalis,310.0,hp,1,191.0,1280.0,18000.0,1340.0,1542.0,353.0,97.0,25.16,35.76
Cessna 336 Skymaster,195.0,hp,2,150.0,839.0,19000.0,1200.0,169.0,619.0,128.0,29.76,38.71
Lockheed Martin F-16 Fighting Falcon,29160.0,lbf,1,1147.0,2280.0,50000.0,50000.0,19187.0,7167.0,845.0,49.41,32.68
Cessna 340,310.0,hp,2,244.0,1406.0,29800.0,1650.0,2717.0,566.0,145.0,34.32,38.06
Cessna T-37 Tweet,1025.0,lbf,2,369.0,810.0,35000.0,3370.0,2982.0,1142.0,257.0,29.2,33.79
Cessna T303 Crusader,250.0,hp,2,216.0,1020.0,25000.0,1480.0,2336.0,836.0,153.0,30.41,39.04
Reims-Cessna 406 Caravan II,500.0,hp,2,246.0,1153.0,30000.0,1850.0,4468.0,1950.0,475.0,39.04,49.51
Cessna Super Cargomaster,675.0,hp,1,175.0,870.0,25000.0,925.0,3970.0,1672.0,335.0,41.67,52.16
Cessna Grand Caravan EX,867.0,hp,1,180.0,912.0,25000.0,1275.0,3995.0,1447.0,335.0,41.67,52.16
Cessna Turbo Stationair,310.0,hp,1,161.0,703.0,26000.0,1060.0,1719.0,560.0,92.0,28.21,35.99
Cessna Grand Caravan,675.0,hp,1,186.0,1070.0,25000.0,1234.0,3629.0,1393.0,335.0,37.7,52.16
Cessna Citation X,7034.0,lbf,2,528.0,3125.0,51000.0,3650.0,16375.0,1077.0,1930.0,72.31,63.61
Cessna Citation XLS,4119.0,lbf,2,440.0,1858.0,45000.0,3500.0,9163.0,1016.0,1006.0,52.49,56.33
Cessna Citation M2,1965.0,lbf,2,404.0,1550.0,41000.0,3698.0,4853.0,685.0,492.0,42.65,47.21
Cessna Citation Longitude,7665.0,lbf,2,483.0,3500.0,45000.0,2700.0,17917.0,726.0,2165.0,73.16,68.9
Cessna Citation Sovereign Plus,5907.0,lbf,2,460.0,3200.0,47000.0,4083.0,13959.0,5801.0,1700.0,63.48,72.31
Cessna Citation Sovereign,5770.0,lbf,2,458.0,2847.0,47000.0,12.0,13744.0,1202.0,1675.0,63.55,63.12
Cessna Citation Mustang,1460.0,lbf,2,340.0,1167.0,41000.0,3010.0,3930.0,544.0,385.0,40.58,43.18
Cessna Citation II (550),2500.0,lbf,2,403.0,2000.0,43000.0,3040.0,6600.0,1400.0,862.0,47.57,52.23
Cessna Citation Latitude,5907.0,lbf,2,446.0,2700.0,45000.0,3800.0,13971.0,1258.0,1700.0,62.24,72.34
Cessna Citation CJ4,3621.0,lbf,2,451.0,2165.0,45000.0,3854.0,7761.0,1007.0,870.0,53.48,50.82
Cessna Citation III (650),3650.0,hp,2,491.0,2348.0,51000.0,3805.0,9980.0,725.0,1220.0,55.45,53.48
Embraer Phenom 100,1730.0,lbf,2,400.0,1178.0,41000.0,3000.0,4800.0,755.0,419.0,41.99,40.35
Piper Archer DX,155.0,hp,1,123.0,848.0,16000.0,900.0,1157.0,360.0,48.0,23.95,35.43
Epic LT / Dynasty / E1000,1200.0,hp,1,340.0,1874.0,31000.0,4000.0,3400.0,530.0,288.0,35.83,42.65
HondaJet,2050.0,lbf,2,422.0,1437.0,43000.0,3990.0,4854.0,796.0,439.0,42.62,39.76
Dassault Falcon 50EX,3700.0,lbf,3,481.0,3200.0,49000.0,3500.0,18495.0,1505.0,2316.0,60.69,61.84
Cirrus Vision Jet,1900.0,lbf,1,311.0,950.0,31000.0,1609.0,2727.0,602.0,299.0,30.91,38.68
Piper PA-18 Super Cub,150.0,hp,1,110.0,400.0,19000.0,960.0,794.0,170.0,36.0,22.57,35.1
Piper PA-34 Seneca,220.0,hp,2,200.0,828.0,25000.0,1460.0,2155.0,604.0,122.0,28.54,39.04
Sikorsky S-70i Black Hawk,1940.0,hp,2,160.0,250.0,20000.0,2250.0,9979.0,4082.0,360.0,64.83,53.67
Learjet 75 Liberty,3850.0,lbf,2,465.0,2080.0,51000.0,4000.0,9752.0,1316.0,727.0,58.07,50.85
Yakovlev Yak-42,14300.0,lbf,3,440.0,2200.0,31500.0,2500.0,57500.0,13500.0,6115.0,119.36,114.43
Eurocopter AS365 Dauphin,838.0,hp,2,175.0,447.0,20000.0,1759.0,4300.0,2301.0,305.0,45.05,39.17
Eurocopter EC145,740.0,hp,2,133.0,372.0,17200.0,1600.0,3585.0,1793.0,229.0,42.75,36.09
Embraer EMB 120 Brasilia,1800.0,hp,2,315.0,800.0,32000.0,12.0,58153.0,3320.0,856.0,65.62,64.89
Douglas A-1 Skyraider,2700.0,hp,1,280.0,1144.0,28500.0,2850.0,8343.0,3600.0,380.0,39.04,50.0
Douglas DC-7,3250.0,hp,4,347.0,2606.0,25000.0,1200.0,52889.0,9435.0,4512.0,108.1,117.45
Bell 412,1250.0,hp,1,124.0,356.0,20000.0,1350.0,5398.0,2190.0,331.0,55.84,46.0
Douglas DC-6,2400.0,hp,4,270.0,2598.0,25000.0,1070.0,44100.0,12700.0,4722.0,100.39,117.45
Bombardier Learjet 85,6100.0,lbf,2,470.0,3000.0,49000.0,2500.0,15175.0,953.0,1209.0,68.11,61.35
Gulfstream G500,14000.0,lbf,2,566.0,5200.0,51000.0,3950.0,34859.0,2495.0,3462.0,91.17,87.11
Bombardier Learjet 45 XR,3500.0,lbf,2,465.0,2049.0,51000.0,2630.0,9750.0,856.0,905.0,57.74,47.77
Douglas DC-4,1450.0,hp,4,240.0,2900.0,22300.0,1200.0,33112.0,9980.0,2868.0,93.83,117.45
Kamov Ka-32A,2190.0,hp,2,124.0,530.0,16405.0,2460.0,12700.0,5000.0,700.0,37.07,52.16
Douglas DC-1,710.0,hp,2,180.0,870.0,23000.0,1000.0,7938.0,1800.0,800.0,60.04,84.97
Douglas DC-2,875.0,hp,2,180.0,870.0,22450.0,1000.0,8419.0,1876.0,800.0,62.01,84.97
Bombardier Learjet 40XR,3500.0,lbf,2,465.0,1862.0,51000.0,2700.0,9525.0,970.0,905.0,55.54,47.77
Kamov Ka-62,1776.0,hp,2,160.0,420.0,18700.0,2300.0,6500.0,2500.0,383.0,51.18,44.29
Bombardier Global Express XRS,14750.0,lbf,2,513.0,6150.0,51000.0,3350.0,44452.0,2177.0,6713.0,99.41,95.14
Bombardier Global 7500,18920.0,lbf,2,487.0,7700.0,51000.0,3500.0,52096.0,2631.0,6180.0,111.15,104.0
MD Explorer,550.0,hp,2,135.0,374.0,17500.0,2067.0,3130.0,1417.0,159.0,37.34,33.79
Kamov Ka-226 “Hoodlum”,450.0,hp,2,119.0,521.0,20350.0,2028.0,7500.0,1400.0,203.0,26.57,42.65
Kazan Ansat,630.0,hp,2,135.0,343.0,18045.0,2362.0,3600.0,1750.0,185.0,44.75,37.73
PZL Kania,420.0,hp,2,116.0,266.0,13120.0,1722.0,3550.0,1550.0,272.0,57.32,47.57
Douglas SBD Dauntless,1200.0,hp,1,222.0,1360.0,25530.0,1700.0,4853.0,1200.0,260.0,33.1,41.53
McDonnell Douglas DC-9-10,14000.0,lbf,2,484.0,1450.0,35000.0,2800.0,41100.0,18000.0,3693.0,104.4,89.4
Douglas F3D Skyknight,3600.0,lbf,2,491.0,1338.0,38200.0,4000.0,12556.0,2456.0,1350.0,45.41,50.0
Bombardier Q400,5071.0,hp,2,360.0,1362.0,25000.0,12.0,142196.0,8669.0,1697.0,107.74,93.24
Bombardier Q200,2150.0,hp,2,290.0,1125.0,25000.0,1800.0,16466.0,4647.0,835.0,73.0,84.94
Gulfstream G280,7624.0,lbf,2,547.0,3400.0,45000.0,5000.0,17962.0,1837.0,2180.0,66.6,62.99
Douglas DC-8-53,18000.0,lbf,4,483.0,4960.0,36000.0,1300.0,147420.0,45820.0,23471.0,150.59,142.39
Bell UH-1Y Venom,1800.0,hp,2,170.0,325.0,20000.0,2520.0,8392.0,3021.0,388.0,58.33,48.82
Bell ARH-70,970.0,hp,2,140.0,162.0,20000.0,2000.0,2268.0,847.0,70.0,34.68,35.01
Bell AH-1Z Viper,1800.0,hp,2,200.0,370.0,20000.0,2790.0,8392.0,2614.0,413.0,57.97,47.9
Bell OH-58D Kiowa Warrior,650.0,hp,1,120.0,300.0,15000.0,1450.0,1520.0,907.0,120.0,42.16,35.01
Bell Agusta BA609,1940.0,hp,2,275.0,1000.0,25000.0,1500.0,7620.0,2500.0,370.0,43.63,60.04
Bell AH-1 SuperCobra,1690.0,hp,2,190.0,317.0,15000.0,1614.0,6690.0,2065.0,460.0,58.07,43.96
Bell 47J Ranger,260.0,hp,1,90.0,224.0,11000.0,870.0,1270.0,283.0,48.0,32.38,37.07
Gulfstream III,11400.0,lbf,2,478.0,3750.0,45000.0,4210.0,31615.0,2040.0,3370.0,83.0,77.75
Bell 430,783.0,hp,2,140.0,352.0,14600.0,1350.0,4218.0,1798.0,188.0,50.26,41.99
Bell 47,280.0,hp,1,91.0,214.0,11000.0,860.0,1340.0,482.0,29.0,31.5,37.07
Bell 427,710.0,hp,2,138.0,394.0,10000.0,2000.0,2970.0,1343.0,203.0,36.09,37.01
MD MH-6M Little Bird,650.0,hp,1,152.0,232.0,18700.0,2061.0,1406.0,684.0,64.0,32.15,27.23
Bell 407,862.0,hp,1,133.0,337.0,20000.0,1850.0,2722.0,1156.0,128.0,41.67,35.01
Bell 222,620.0,hp,2,139.0,326.0,20000.0,1600.0,3670.0,1100.0,236.0,49.54,39.7
Bell 230,700.0,hp,2,140.0,378.0,15500.0,1600.0,3810.0,1000.0,246.0,50.2,41.99
Gulfstream G600,15000.0,lbf,2,516.0,6500.0,51000.0,4000.0,41549.0,2722.0,4651.0,96.13,91.86
MD 520N,420.0,hp,1,123.0,210.0,20000.0,1850.0,1746.0,800.0,64.0,33.14,27.33
MD 530F,650.0,hp,1,135.0,232.0,18700.0,2070.0,1406.0,737.0,111.0,32.61,27.33
Gulfstream G350,13850.0,lbf,2,459.0,3800.0,45000.0,4000.0,32160.0,2858.0,3880.0,89.34,77.75
Rockwell B-1B Lancer,30780.0,lbf,4,825.0,6485.0,60000.0,6000.0,216634.0,34019.0,39593.0,146.98,137.14
Kamov Ka-52 Alligator,2250.0,hp,2,132.0,378.0,19700.0,1970.0,10800.0,2000.0,495.0,52.49,47.57
LTV XC-142,2850.0,hp,4,375.0,3300.0,25000.0,6800.0,20185.0,4000.0,1400.0,58.07,67.58
Enstrom F28F,225.0,hp,1,100.0,241.0,13200.0,1450.0,1179.0,347.0,40.0,29.53,31.99
Enstrom 480B,420.0,hp,1,115.0,370.0,15600.0,1600.0,1361.0,535.0,90.0,30.18,31.99
Rockwell Sabreliner,3000.0,lbf,2,478.0,2170.0,45000.0,4700.0,10793.0,975.0,1087.0,44.0,44.49
Grumman Gulfstream II,11400.0,lbf,2,420.1,3583.0,4500.0,4350.0,28123.0,2184.0,2775.0,79.1,68.11
HAL Dhruv ALH,1200.0,hp,2,130.0,447.0,21680.0,1771.0,5500.0,2998.0,370.0,52.07,43.31
Agusta Westland VH-71A / US101 Marine One,2520.0,hp,3,167.0,1130.0,15000.0,2000.0,14600.0,5443.0,1900.0,74.84,60.99
Agusta Westland Super Lynx 300,1361.0,hp,2,132.0,540.0,15000.0,1994.0,5330.0,1360.0,463.0,50.0,41.99
Grumman TBF Avenger,1700.0,hp,1,242.0,870.0,30000.0,2060.0,8115.0,1000.0,726.0,40.12,54.17
Grumman S-2 Tracker,1525.0,hp,2,243.0,1173.0,22000.0,1920.0,11860.0,2200.0,520.0,43.5,72.57
AgustaWestland AW139,1531.0,hp,2,167.0,573.0,20000.0,2140.0,6400.0,2778.0,551.0,54.66,45.28
Grumman OV-1 Mohawk,1400.0,hp,2,265.0,820.0,25000.0,3500.0,8215.0,1050.0,276.0,41.01,48.0
Agusta Westland AW129 Mangusta,1335.0,hp,2,148.0,303.0,20000.0,2750.0,5101.0,1200.0,246.0,46.88,39.04
Mil Mi-8 “Hip”,1950.0,hp,2,121.0,518.0,14765.0,1770.0,12000.0,3000.0,978.0,59.61,69.85
Grumman G-21 Goose,450.0,hp,2,175.0,560.0,21300.0,1100.0,3636.0,1170.0,220.0,38.52,49.02
Boeing AH-64D Apache Longbow,2000.0,hp,2,158.0,1026.0,21000.0,2900.0,10432.0,1540.0,375.0,58.17,48.0
Agusta Westland AW119 Ke,1002.0,hp,1,132.0,515.0,15000.0,1790.0,3150.0,1395.0,230.0,42.68,35.53
Agusta Westland AW109 Power,560.0,hp,2,154.0,512.0,19600.0,1930.0,3000.0,1260.0,221.0,43.96,36.09
Grumman F9F Panther,6250.0,lbf,1,545.0,1100.0,42800.0,6000.0,8500.0,1100.0,923.0,38.81,37.99
Grumman F9F-6 Cougar,7250.0,lbf,1,568.0,915.0,44500.0,6750.0,9525.0,1400.0,919.0,40.91,34.51
Agusta Westland AW101 VVIP,2100.0,hp,3,167.0,750.0,15000.0,2000.0,15600.0,5443.0,1380.0,74.8,61.02
Grumman F7F Tigercat,2100.0,hp,2,400.0,1045.0,40400.0,4530.0,11670.0,2000.0,726.0,45.41,51.51
Grumman F8F Bearcat,2250.0,hp,1,395.0,960.0,40800.0,4465.0,6105.0,1000.0,535.0,27.66,35.5
de Havilland DHC-2 Beaver,450.0,hp,1,137.0,395.0,18000.0,1020.0,2313.0,953.0,138.0,30.25,48.0
Curtiss SO3C Seamew,600.0,hp,1,150.0,1000.0,15800.0,915.0,2599.0,300.0,80.0,36.84,37.99
Mil Mi-38,2465.0,hp,2,162.0,477.0,21300.0,1810.0,15600.0,6000.0,1040.0,65.45,69.22
Mil Mi-24 / Mi-25 / Mi-35,2200.0,hp,2,159.0,243.0,14750.0,2460.0,12000.0,3500.0,563.0,57.41,56.76
Mil Mi-34 “Hermit”,320.0,hp,1,92.0,243.0,14760.0,1804.0,1350.0,550.0,46.0,37.47,32.84
Mil Mi-28 “Havoc”,2500.0,hp,2,143.0,594.0,19000.0,2677.0,11500.0,2350.0,454.0,55.81,56.43
Saab Gripen JAS 39B,12100.0,lbf,1,160.0,1728.0,17000.0,12.0,30864.0,6500.0,24.0,17.91,19.91
Curtiss-Wright Junior,45.0,hp,1,70.0,170.0,12000.0,600.0,442.0,145.0,9.0,21.33,39.5
Saab J-35 Draken,17637.0,lbf,1,1147.0,1754.0,65600.0,39370.0,12700.0,2901.0,757.0,50.33,30.91
Kaman K-Max,1800.0,hp,1,100.0,300.0,15000.0,2500.0,5443.0,3109.0,229.0,51.84,48.23
Saab J-29 Tunnan,6070.0,lbf,1,572.0,1458.0,50850.0,6320.0,8375.0,1500.0,832.0,33.23,36.09
Saab AJ-37 Viggen,28110.0,lbf,1,1205.0,1100.0,60000.0,40026.0,22500.0,3600.0,1506.0,53.81,34.78
Xian JH-7,20520.0,lbf,2,488.0,950.0,52000.0,45000.0,28475.0,9000.0,2642.0,73.23,41.99
Eurofighter Typhoon T1,13500.0,lbf,2,1147.0,2047.0,65000.0,62600.0,23500.0,6486.0,1642.0,15.45,17.32
de Havilland DHC-8-200,2150.0,hp,2,290.0,1125.0,25000.0,1475.0,16466.0,4647.0,835.0,73.0,84.97
Xian MA60,2750.0,hp,2,278.0,860.0,25000.0,1500.0,21800.0,5500.0,1480.0,81.04,95.8
Northrop Grumman E-2C Hawkeye 2000,5100.0,hp,2,350.0,1542.0,37000.0,2515.0,26082.0,1800.0,1850.0,57.61,80.58
Northrop Grumman EA-6B Prowler,10400.0,lbf,2,566.0,2400.0,37600.0,12900.0,27900.0,8200.0,3750.0,59.71,52.16
Xian MA600,2881.0,hp,2,278.0,890.0,25000.0,1500.0,21800.0,5500.0,1480.0,81.04,95.8
Xian MA700,5000.0,hp,2,310.0,810.0,25000.0,2000.0,27600.0,8600.0,670.0,100.06,91.53
Northrop Grumman E-8C Joint Stars,18000.0,lbf,4,510.0,3683.0,42000.0,2000.0,152400.0,37100.0,23855.0,152.89,145.67
Kaman SH-2G Super Seasprite,1723.0,hp,2,120.0,540.0,18000.0,2500.0,6124.0,2300.0,476.0,52.16,43.96
Northrop Grumman B-2 Spirit,17300.0,lbf,4,550.0,6000.0,50000.0,3000.0,152635.0,20000.0,24925.0,68.9,171.91
Vickers Varsity,1950.0,hp,2,250.0,2301.0,28700.0,1400.0,17010.0,500.0,870.0,67.49,95.57
Vickers Viscount 800,1740.0,hp,4,282.0,1164.0,27000.0,1220.0,30454.0,6818.0,1950.0,85.01,93.67
Vickers Viscount,1576.0,hp,4,310.0,1157.0,25000.0,1200.0,30454.0,6818.0,1950.0,85.66,93.99
Vickers Valetta,2000.0,hp,2,224.0,1270.0,21500.0,1275.0,16556.0,2860.0,869.0,62.93,89.24
Vickers Vanguard,5545.0,hp,4,460.0,2730.0,30000.0,1280.0,63977.0,14515.0,5056.0,122.87,118.01
Vickers VC.1 Viking,1690.0,hp,2,229.0,1500.0,25000.0,1500.0,15422.0,2500.0,890.0,65.16,89.24
Convair C-131 Samaritan,2500.0,hp,2,255.0,1400.0,24500.0,1520.0,21363.0,8069.0,1241.0,79.07,105.31
Moller M400 Skycar,1200.0,hp,4,239.0,648.0,36000.0,6000.0,1088.0,340.0,38.0,19.36,8.53
Convair B-58 Hustler,15000.0,lbf,4,1146.0,4100.0,64800.0,17400.0,73935.0,8823.0,10923.0,96.82,56.76
Convair F-106 Delta Dart,24500.0,lbf,1,1325.0,2346.0,57000.0,30000.0,18975.0,4553.0,1514.0,70.77,38.32
Shenyang J-11,28000.0,lbf,2,1300.0,1910.0,62000.0,59000.0,33000.0,9030.0,2480.0,71.85,48.23
Curtiss SB2C Helldiver,1900.0,hp,1,256.0,1012.0,29100.0,1800.0,7710.0,1500.0,355.0,36.68,49.74
de Havilland DH.104 Dove,400.0,hp,2,200.0,929.0,21700.0,1135.0,4060.0,907.0,264.0,39.24,56.99
Curtiss P-40 Warhawk,1240.0,hp,1,318.0,622.0,29000.0,2100.0,4173.0,910.0,157.0,33.3,37.27
Shenyang J-5,7600.0,lbf,1,610.0,769.0,54100.0,12800.0,6215.0,2135.0,667.0,36.38,31.59
Boeing RAH-66 Comanche,1563.0,hp,2,175.0,1259.0,14980.0,895.0,7896.0,1501.0,1201.0,46.85,39.04
Shenyang J-6,8267.0,lbf,2,830.0,1200.0,58700.0,35000.0,8832.0,3750.0,1025.0,41.01,30.18
Shenyang J-8,15430.0,lbf,2,1200.0,1188.0,59000.0,39370.0,17800.0,6500.0,1465.0,70.87,30.51
Curtiss C-46 Commando,2000.0,hp,2,235.0,2740.0,24500.0,1175.0,21772.0,6800.0,1406.0,76.34,108.0
Republic P-47 Thunderbolt,2500.0,hp,1,376.0,900.0,42000.0,3200.0,7938.0,1300.0,370.0,36.15,40.68
Curtiss SOC Seagull,600.0,hp,1,143.0,587.0,14900.0,915.0,2470.0,300.0,140.0,31.43,35.99
Boeing E-3 D Sentry,24000.0,lbf,4,460.0,5000.0,43000.0,2000.0,151636.0,21000.0,23855.0,152.92,145.73
Boeing HH-47 CSAR-X,5000.0,hp,2,152.0,1160.0,18000.0,1500.0,25855.0,9533.0,3000.0,98.75,60.01
Republic F-84F Thunderstreak,7220.0,lbf,1,604.0,704.0,46000.0,8200.0,12701.0,3000.0,847.0,43.4,33.63
Republic P-43 Lancer,1200.0,hp,1,309.0,560.0,36000.0,2500.0,3840.0,300.0,218.0,28.54,36.09
Republic RC-3 Seabee,215.0,hp,1,100.0,490.0,12000.0,700.0,1428.0,200.0,75.0,27.89,37.63
Grumman F6F Hellcat,2000.0,hp,1,340.0,950.0,37000.0,3650.0,6992.0,1800.0,250.0,33.6,42.85
Grumman F4F Wildcat,1200.0,hp,1,288.0,1100.0,39500.0,3300.0,3975.0,500.0,260.0,28.74,37.99
Boeing CH-47F Chinook,4733.0,hp,2,155.0,400.0,20000.0,1522.0,22680.0,10886.0,1034.0,98.75,60.04
Grumman F11F Tiger,10500.0,lbf,1,655.0,1110.0,41900.0,16300.0,10641.0,1360.0,1023.0,45.87,31.63
Grumman AF Guardian,2400.0,hp,1,276.0,1300.0,32500.0,1850.0,11567.0,2000.0,720.0,43.34,60.66
Grumman A-6 Intruder,9300.0,lbf,2,563.0,2819.0,42000.0,7620.0,27397.0,8840.0,2385.0,54.76,53.15
Vought SB2U Vindicator,825.0,hp,1,211.0,970.0,27500.0,1070.0,4273.0,680.0,370.0,33.99,41.99
HAL Dhruv,1000.0,hp,2,135.0,346.0,14436.0,2034.0,5500.0,2600.0,362.0,52.07,43.31
Vought OS2U Kingfisher,450.0,hp,1,149.0,789.0,18200.0,960.0,2722.0,600.0,144.0,33.79,35.92
Mooney M20C Ranger,180.0,hp,1,174.0,660.0,17500.0,1010.0,1168.0,350.0,52.0,23.16,35.01
Mooney M22 Mustang,310.0,hp,1,222.0,1297.0,24000.0,1125.0,1670.0,564.0,92.0,27.0,35.01
Vought F8U Crusader,18000.0,lbf,1,1005.0,1220.0,59000.0,19000.0,15422.0,2450.0,1325.0,54.46,35.66
Mooney M-18 Mite,65.0,hp,1,120.0,382.0,19400.0,1090.0,354.0,118.0,12.0,18.04,26.84
Mooney M10 Cadet,90.0,hp,1,103.0,484.0,12500.0,835.0,658.0,227.0,24.0,20.67,29.86
Mooney M20R Ovation,280.0,hp,1,197.0,1860.0,20000.0,1240.0,1528.0,400.0,100.0,26.67,36.09
Vought F6U Pirate,4224.0,lbf,1,518.0,1020.0,46260.0,8060.0,5850.0,600.0,650.0,37.6,32.81
Vought F4U Corsair,2400.0,hp,1,388.0,880.0,41500.0,4360.0,6592.0,2000.0,534.0,33.66,41.01
Vought F7U Cutlass,6000.0,lbf,2,606.0,800.0,40600.0,14420.0,12174.0,3000.0,971.0,41.27,39.7
LTV A-7 Corsair II,15000.0,lbf,1,600.0,2280.0,42000.0,15000.0,19050.0,7000.0,1338.0,46.13,38.71
Saab 2000,4152.0,hp,2,370.0,1549.0,31000.0,2250.0,23000.0,5500.0,1398.0,89.5,81.23
Rotorway A600 Talon,168.0,hp,1,87.0,164.0,11000.0,1000.0,739.0,281.0,17.0,29.53,25.92
British Aerospace 125,3750.0,lbf,2,320.0,1560.0,41000.0,4900.0,11340.0,1700.0,1418.0,50.52,47.01
Vought SBU Corsair,700.0,hp,1,178.0,477.0,23700.0,1180.0,2510.0,420.0,145.0,27.89,33.27
Diamond DA-50 Superstar,350.0,hp,1,181.0,750.0,20000.0,1050.0,1999.0,559.0,50.0,30.28,44.0
Kawasaki C-2,59740.0,lbf,2,500.0,5400.0,40000.0,3500.0,141400.0,37600.0,11360.0,144.03,145.67
Boeing MH-47G Chinook,4733.0,hp,2,170.0,680.0,18500.0,1500.0,24494.0,11340.0,2068.0,99.01,60.01
Grumman Gulfstream I,2185.0,hp,2,302.0,2210.0,33600.0,1900.0,15921.0,1271.0,1442.0,63.91,78.61
Ilyushin IL-76,26500.0,lbf,4,490.0,3600.0,50850.0,3000.0,170000.0,47000.0,29000.0,152.89,165.68
Robinson R22,131.0,hp,1,96.0,250.0,14000.0,1200.0,621.0,234.0,28.0,28.74,25.26
Northrop F-5 Tiger,5000.0,lbf,2,938.0,2010.0,51800.0,34500.0,11192.0,3200.0,700.0,47.41,26.67
Agusta Westland AW109 LUH,711.0,hp,2,168.0,500.0,20000.0,1700.0,3175.0,1000.0,232.0,42.78,35.53
Kawasaki T-4,3670.0,lbf,2,560.0,901.0,50000.0,10000.0,7500.0,3700.0,592.0,42.65,32.61
Aviat Eagle II,200.0,hp,1,143.0,380.0,1700.0,2100.0,716.0,251.0,25.0,17.91,19.91
Robinson R66,270.0,hp,1,113.0,400.0,14000.0,1000.0,1361.0,588.0,74.0,41.24,33.0
Kawasaki C-1,14500.0,lbf,2,435.0,702.0,37990.0,3494.0,38700.0,11900.0,14000.0,95.14,100.39
Grob G-120A,260.0,hp,1,172.0,830.0,18000.0,1280.0,1490.0,220.0,67.0,26.61,33.4
Bell 212,1800.0,hp,1,120.0,250.0,17400.0,1745.0,5080.0,2130.0,296.0,57.09,47.9
Kamov Ka-50 “Hokum”,2200.0,hp,2,150.0,630.0,18000.0,3150.0,10800.0,3000.0,528.0,44.29,47.57
Kamov Ka-31,2500.0,hp,2,111.0,367.0,16404.0,3050.0,12500.0,4000.0,1181.0,41.01,52.16
Bell 210,1100.0,hp,1,111.0,225.0,19390.0,1755.0,4309.0,1135.0,210.0,41.67,48.0
Gulfstream G150,4420.0,lbf,2,475.0,2988.0,45000.0,3300.0,11839.0,1089.0,1537.0,56.76,55.58
Kamov Ka-27 “Helix”,2230.0,hp,2,111.0,530.0,16400.0,2460.0,12000.0,4000.0,700.0,37.07,51.84
Bell 206 Jet Ranger,420.0,hp,1,130.0,374.0,13500.0,1350.0,1452.0,675.0,100.0,39.73,33.33
Aviat Pitts S-1,200.0,hp,1,113.0,298.0,20000.0,2600.0,680.0,168.0,19.0,17.75,20.01
Bell 204,1100.0,hp,1,120.0,300.0,19390.0,1755.0,4310.0,2120.0,242.0,41.67,47.9
Curtiss P-36 Hawk,1050.0,hp,1,272.0,750.0,33000.0,3400.0,2726.0,550.0,135.0,28.54,37.34
Gulfstream G450,13850.0,lbf,2,505.0,4350.0,45000.0,4000.0,33838.0,2722.0,4402.0,89.34,77.75
Eclipse 700 Canada,1500.0,lbf,2,383.0,1470.0,43000.0,3284.0,3121.0,1264.0,321.0,34.78,41.67
Bell 214ST,1625.0,hp,2,146.0,435.0,10400.0,1780.0,7938.0,3630.0,435.0,49.31,52.0
Gulfstream G200,6040.0,lbf,2,470.0,3400.0,45000.0,3700.0,16080.0,1840.0,2240.0,62.24,58.07
Eclipse 500,900.0,lbf,2,370.0,1125.0,41000.0,3314.0,2612.0,1027.0,185.0,33.14,37.4
Short 330,1198.0,hp,2,160.0,915.0,20000.0,1180.0,10387.0,3220.0,673.0,58.04,74.67
PZL Swidnik SW-4,451.0,hp,1,111.0,430.0,17100.0,2030.0,1800.0,750.0,125.0,34.68,29.53
Convair 880,11650.0,lbf,4,535.0,2472.0,41000.0,3000.0,83688.0,30688.0,10584.0,129.33,120.01
PZL W-3 Sokół,900.0,hp,2,127.0,394.0,16100.0,1675.0,6400.0,2200.0,454.0,61.65,51.51
MD 500E,420.0,hp,1,135.0,290.0,16000.0,1700.0,1361.0,689.0,64.0,30.84,26.44
MD 600N,603.0,hp,1,148.0,423.0,18700.0,2100.0,2041.0,1089.0,116.0,37.07,27.49
Enstrom 280FX Shark,225.0,hp,1,102.0,229.0,13200.0,1450.0,1179.0,422.0,40.0,28.71,32.02
Kamov Ka-60,1282.0,hp,2,148.0,332.0,16900.0,2050.0,6500.0,2750.0,383.0,51.18,44.29
Nextant 604XT,9220.0,lbf,2,488.0,4524.0,45000.0,4345.0,21863.0,2184.0,3300.0,68.24,64.24
Gulfstream IV,13850.0,lbf,2,488.0,4220.0,45000.0,4219.0,33203.0,1542.0,3514.0,88.32,77.82
KAI T-50 Golden Eagle,17700.0,lbf,1,992.0,999.0,48000.0,39000.0,12300.0,5830.0,730.0,43.11,31.0
Nextant 400XT,3000.0,lbf,2,471.0,2160.0,45000.0,2500.0,7393.0,1120.0,590.0,48.39,43.47
Douglas C-54 Skymaster,1100.0,hp,4,239.0,3500.0,22300.0,1020.0,33112.0,14700.0,3592.0,93.83,117.45
Douglas C-74 Globemaster,3250.0,hp,4,285.0,3000.0,21300.0,2605.0,78000.0,21840.0,11000.0,124.01,173.23
Bombardier Global 6000,14750.0,lbf,2,504.0,6000.0,51000.0,3350.0,45132.0,2617.0,5406.0,99.41,94.16
Bombardier Q100 (Dash 8-100),2000.0,hp,2,289.0,1125.0,25000.0,1475.0,15650.0,4536.0,835.0,73.0,84.97
Eurocopter UH-72A Lakota,738.0,hp,2,145.0,370.0,18000.0,1600.0,3585.0,1793.0,229.0,42.75,36.09
Douglas C-47 Skytrain,1200.0,hp,2,200.0,1800.0,24000.0,1130.0,14061.0,2721.0,882.0,63.65,95.47
KAI KUH-1 Surion,1915.0,hp,2,157.0,286.0,15100.0,1700.0,8709.0,3573.0,347.0,62.34,51.84
Short 360,1424.0,hp,2,218.0,570.0,20000.0,952.0,12300.0,3500.0,576.0,70.87,74.8
Short C-23 Sherpa,1198.0,hp,2,221.0,670.0,27000.0,1180.0,11612.0,3302.0,538.0,58.04,74.74
KAI KT-1 Woongbi,950.0,hp,1,310.0,720.0,37990.0,3500.0,3315.0,1405.0,146.0,33.79,34.78
Short Belfast,5730.0,hp,4,292.0,4609.0,30000.0,1060.0,104330.0,34000.0,9744.0,136.42,158.86
KAI KC-100 Naraon,315.0,hp,1,210.0,1200.0,17400.0,1250.0,1635.0,546.0,90.0,27.89,37.3
Short SC.7 Skyvan,715.0,hp,2,150.0,602.0,22500.0,1640.0,5670.0,2339.0,293.0,40.06,64.93
Denel AH-2 Rooivalk,2000.0,hp,2,150.0,610.0,20000.0,2620.0,8750.0,3560.0,490.0,61.45,51.11
Douglas C-133 Cargomaster,7500.0,hp,4,312.0,3560.0,29950.0,1280.0,129727.0,50000.0,18236.0,157.48,179.79
Bombardier Global 5500,15125.0,lbf,2,504.0,5700.0,51000.0,3450.0,41957.0,3238.0,4710.0,96.78,94.16
NHI NH90 NFH,2417.0,hp,2,140.0,540.0,20000.0,1574.0,10600.0,4200.0,2400.0,64.17,53.48
Eurocopter Tiger UHT,1710.0,hp,2,157.0,432.0,13000.0,2105.0,6000.0,1649.0,355.0,46.19,42.65
Fokker 70,13850.0,lbf,2,456.0,1841.0,35000.0,2000.0,41730.0,9300.0,3531.0,101.41,92.12
Douglas C-124 Globemaster II,3800.0,hp,4,264.0,3500.0,23000.0,760.0,88224.0,34000.0,11128.0,130.58,174.08
Eurocopter Tiger,1303.0,hp,2,170.0,432.0,13000.0,2110.0,6000.0,1649.0,355.0,51.84,42.65
Douglas B-66 Destroyer,10200.0,lbf,2,550.0,1564.0,43000.0,5000.0,37650.0,7000.0,4650.0,75.13,72.51
Eurocopter Super Puma EC225,2411.0,hp,2,150.0,532.0,20000.0,1710.0,11200.0,5765.0,732.0,63.98,53.15
Bell 214,2930.0,hp,1,140.0,220.0,16400.0,1500.0,6800.0,3000.0,500.0,48.06,50.03
Bombardier Challenger 850,9217.0,lbf,2,459.0,3096.0,41000.0,3395.0,24040.0,4256.0,2727.0,87.83,69.59
Eurocopter MH-65 Dolphin,853.0,hp,2,180.0,355.0,18000.0,1750.0,4300.0,1537.0,330.0,44.39,39.17
Douglas AC-47 Spooky,1200.0,hp,2,200.0,1890.0,24450.0,1130.0,15000.0,2700.0,822.0,64.3,95.14
Piper PA-46 Malibu,310.0,hp,1,234.0,1055.0,30000.0,1556.0,2310.0,660.0,120.0,28.21,42.98
Eurocopter EC175,1776.0,hp,2,160.0,584.0,20000.0,3600.0,7800.0,2722.0,720.0,59.25,48.56
Canadair CRJ Series 705 Jet,14510.0,lbf,2,470.0,1553.0,41000.0,3500.0,38330.0,10247.0,2349.0,118.76,81.69
Eurocopter Fennec,847.0,hp,1,140.0,350.0,17320.0,2028.0,2250.0,1000.0,318.0,42.45,35.07
Fokker 100,15100.0,lbf,2,456.0,1680.0,35000.0,3000.0,45810.0,11993.0,3531.0,116.57,92.12
Douglas A-3 Skywarrior,12400.0,lbf,2,544.0,2600.0,41000.0,5230.0,37195.0,2811.0,4400.0,76.34,72.51
Bombardier Challenger 300,6826.0,lbf,2,470.0,3100.0,45000.0,5000.0,17622.0,1588.0,2112.0,68.63,63.84
Piper PA-44 Seminole,180.0,hp,2,162.0,700.0,15000.0,1340.0,1724.0,540.0,110.0,27.56,38.71
Bombardier CS300,23300.0,lbf,2,470.0,3300.0,41000.0,3100.0,67585.0,18711.0,5681.0,126.97,115.16
Embraer Super Tucano,1600.0,hp,1,320.0,1650.0,35000.0,3242.0,5400.0,1550.0,184.0,37.34,36.55
Eurocopter EC155 B1,943.0,hp,2,143.0,532.0,15000.0,1750.0,4920.0,2301.0,1225.0,46.92,41.34
Piper PA-42 Cheyenne III,720.0,hp,2,305.0,2270.0,35000.0,2235.0,5080.0,1890.0,562.0,43.31,47.57
Bombardier CS100,21000.0,lbf,2,470.0,3100.0,41000.0,3000.0,60781.0,15100.0,5760.0,114.5,115.16
Aerospatiale Corvette,2500.0,lbf,2,410.0,1380.0,41000.0,2700.0,6600.0,3090.0,625.0,45.37,42.22
Yakovlev Yak-9,1650.0,hp,1,320.0,490.0,36400.0,3210.0,3098.0,512.0,110.0,28.05,31.82
Sikorsky VH-60N White Hawk,1890.0,hp,2,159.0,1199.0,19000.0,700.0,10660.0,1200.0,360.0,64.83,53.67
Douglas A-1 Skyraider,2700.0,hp,1,280.0,1316.0,28500.0,2850.0,11340.0,3800.0,380.0,39.04,50.0
Eurocopter EC135,633.0,hp,2,137.0,343.0,20000.0,1500.0,2910.0,1455.0,187.0,39.89,33.46
Acro Sport II,180.0,hp,1,132.0,370.0,20000.0,1200.0,690.0,210.0,30.0,18.86,21.65
Yakovlev Yak-55,360.0,hp,1,165.0,381.0,13125.0,3050.0,975.0,90.0,73.0,23.92,26.74
Embraer R-99,8917.0,hp,2,461.0,2000.0,37000.0,2600.0,22000.0,5786.0,1700.0,98.0,65.75
ATR 42-500,2400.0,hp,2,300.0,716.0,25000.0,1851.0,18600.0,5450.0,1480.0,74.38,80.61
Sikorsky UH-60 Black Hawk,1800.0,hp,2,150.0,276.0,19000.0,700.0,10660.0,3630.0,360.0,64.83,53.67
Piper PA-36 Pawnee Brave,300.0,hp,1,118.0,393.0,15000.0,920.0,2117.0,1000.0,86.0,27.49,38.78
Yakovlev Yak-54,360.0,hp,1,243.0,378.0,13125.0,2955.0,990.0,90.0,73.0,22.67,26.74
Bombardier CRJ 900,13123.0,lbf,2,475.0,1553.0,41000.0,2000.0,38329.0,10591.0,2897.0,119.42,81.53
Embraer Praetor 600,7528.0,lbf,2,466.0,4018.0,45000.0,2100.0,19440.0,1497.0,1936.0,68.04,70.54
Avro Lincoln,1750.0,hp,4,270.0,2400.0,30500.0,800.0,37195.0,10000.0,4300.0,78.28,120.01
Acro Sport Ace Junior Ace,85.0,hp,1,113.0,217.0,10500.0,600.0,606.0,170.0,24.0,21.33,25.98
Avro Shackleton,1960.0,hp,4,262.0,3661.0,20200.0,900.0,39009.0,6800.0,5114.0,87.33,121.39
Acro Sport Nesmith Cougar,115.0,hp,1,170.0,650.0,13000.0,1300.0,567.0,200.0,25.0,18.93,20.51
Acro Sport I,180.0,hp,1,130.0,300.0,20000.0,3500.0,612.0,145.0,20.0,17.49,19.59
Bombardier CRJ 700,12670.0,lbf,2,473.0,2002.0,41000.0,3500.0,34926.0,9070.0,2903.0,106.66,76.25
British Aerospace ATP,2653.0,hp,2,268.0,985.0,25000.0,1000.0,23678.0,8000.0,1681.0,85.3,100.49
Yakovlev Yak-52,360.0,hp,1,154.0,300.0,13000.0,1350.0,1305.0,290.0,32.0,25.39,31.17
Embraer Praetor 500,6540.0,lbf,2,466.0,3340.0,45000.0,2050.0,17040.0,1325.0,1566.0,64.6,70.54
Bombardier CRJ 550,13790.0,lbf,2,473.0,1378.0,41000.0,2000.0,34000.0,8190.0,3000.0,105.97,76.11
Sikorsky Schweizer 333,280.0,hp,1,105.0,319.0,13000.0,1380.0,1157.0,567.0,73.0,31.17,27.49
Douglas DC-3,1200.0,hp,2,200.0,1890.0,24000.0,1130.0,13605.0,2725.0,822.0,64.3,95.14
Eurocopter EC 725 Caracal,2382.0,hp,2,140.0,500.0,19997.0,1064.0,11200.0,5670.0,808.0,63.98,53.15
ERCO Ercoupe,75.0,hp,1,96.0,261.0,13000.0,550.0,572.0,233.0,24.0,20.73,29.99
Piper PA-32R Saratoga,300.0,hp,1,187.0,807.0,20000.0,1100.0,1633.0,517.0,107.0,27.89,36.19
Yakovlev Yak-50,361.0,hp,1,220.0,270.0,13000.0,2220.0,910.0,90.0,32.0,25.59,31.17
Embraer Lineage 1000,18500.0,lbf,2,480.0,4600.0,41000.0,2464.0,54500.0,4365.0,7196.0,118.9,94.22
Bombardier CRJ 1000,14510.0,hp,2,474.0,1622.0,41000.0,2000.0,41640.0,12156.0,2903.0,128.38,85.89
Bombardier CRJ 200,9220.0,lbf,2,464.0,1700.0,41000.0,3000.0,24041.0,5942.0,2135.0,87.83,69.59
Piper PA-32 Cherokee Six,300.0,hp,1,151.0,730.0,16250.0,1050.0,1542.0,680.0,84.0,27.72,32.81
Sikorsky Schweizer 300c Utility,190.0,hp,1,86.0,195.0,14600.0,750.0,930.0,431.0,32.0,30.84,26.9
Yakovlev Yak-40,3300.0,hp,3,300.0,970.0,26000.0,1575.0,16000.0,2700.0,1030.0,66.8,82.02
Eurocopter EC 635,817.0,hp,2,140.0,350.0,19997.0,2150.0,3100.0,1360.0,178.0,39.99,33.46
Bombardier 415,2380.0,hp,2,194.0,1319.0,14700.0,1600.0,19890.0,2903.0,1530.0,64.96,93.83
Sikorsky Schweizer 300CBi Training,180.0,hp,1,80.0,440.0,10000.0,1000.0,794.0,294.0,64.0,30.84,26.84
Embraer Legacy 600,8810.0,lbf,2,460.0,3400.0,41000.0,3000.0,22500.0,2356.0,2712.0,86.38,69.45
Eurocopter EC 135 P2i,667.0,hp,2,137.0,343.0,20000.0,1500.0,2910.0,890.0,148.0,39.7,33.46
Northrop T-38 Talon,3850.0,lbf,2,745.0,991.0,50000.0,33600.0,5670.0,630.0,583.0,46.39,25.26
Bombardier Challenger 605,9140.0,lbf,2,470.0,4045.0,41000.0,4450.0,21863.0,2200.0,2985.0,68.44,64.34
Yakovlev Yak-38,7200.0,lbf,2,690.0,700.0,39350.0,14800.0,11300.0,1362.0,1010.0,53.71,24.02
Piper PA-31 Navajo,310.0,hp,2,227.0,1012.0,26300.0,1440.0,2948.0,1100.0,190.0,32.48,40.68
Supermarine Spitfire,1470.0,hp,1,320.0,960.0,37000.0,2600.0,3039.0,500.0,102.0,29.92,36.84
Supermarine Scimitar,11250.0,lbf,2,640.0,1237.0,46000.0,6751.0,15515.0,1900.0,1276.0,55.35,37.17
Adam A-700 AdamJet,1350.0,lbf,2,332.0,1400.0,41000.0,2550.0,4241.0,1430.0,394.0,40.75,44.0
Embraer Legacy 500,7036.0,lbf,2,466.0,3125.0,45000.0,3866.0,17400.0,1270.0,1949.0,68.04,66.27
Sikorsky SH-3 Sea King,1400.0,hp,2,144.0,540.0,14700.0,2200.0,10002.0,3630.0,977.0,54.79,62.34
Swearingen Merlin,900.0,hp,2,300.0,1938.0,27000.0,2700.0,6000.0,1945.0,650.0,42.16,46.26
Piper PA-30 Twin Comanche,160.0,hp,2,178.0,1000.0,18600.0,1460.0,1690.0,310.0,120.0,25.16,36.81
Eurocopter Cougar,1589.0,hp,2,147.0,549.0,11320.0,1420.0,9000.0,4500.0,528.0,63.98,53.15
Sikorsky S-92,2520.0,hp,2,165.0,547.0,15000.0,1600.0,12837.0,4955.0,760.0,68.5,56.33
Embraer Legacy 450,6540.0,lbf,2,515.0,2904.0,45000.0,3700.0,16220.0,1325.0,1633.0,64.6,69.45
Eurocopter AS565 Panther,852.0,hp,2,165.0,447.0,19242.0,1800.0,4300.0,1911.0,299.0,44.88,39.17
Piper PA-28 Cherokee,150.0,hp,1,108.0,465.0,14300.0,660.0,975.0,421.0,50.0,23.29,29.99
Gulfstream V,15385.0,lbf,2,508.0,6500.0,51000.0,4188.0,41050.0,3800.0,6164.0,96.46,93.5
Yakovlev Yak-18T,360.0,hp,1,162.0,475.0,13000.0,985.0,1685.0,450.0,93.0,27.56,36.61
Eurocopter AS550 C3 Fennec,632.0,hp,1,133.0,355.0,17320.0,2028.0,2250.0,1400.0,143.0,42.45,35.07
Martin 2-0-2,2400.0,hp,2,270.0,552.0,33000.0,2200.0,18098.0,4200.0,1740.0,71.32,93.24
Sino Swearingen SJ30-2,2300.0,lbf,2,486.0,2500.0,49000.0,3663.0,6328.0,816.0,713.0,46.92,42.32
Martin P5M Marlin,3450.0,hp,2,218.0,1780.0,24000.0,1200.0,35380.0,5000.0,2810.0,100.59,117.16
Adam A-500,350.0,hp,2,230.0,1150.0,25000.0,1800.0,3175.0,700.0,230.0,37.5,44.0
Sikorsky S-76C++,922.0,hp,2,155.0,345.0,15000.0,1350.0,5307.0,1575.0,281.0,52.49,44.0
Embraer ERJ 145,8169.0,lbf,2,453.0,1550.0,37000.0,2000.0,22000.0,5786.0,1690.0,98.0,65.75
Piper PA-28 Arrow,200.0,hp,1,148.0,880.0,15000.0,1000.0,1247.0,435.0,72.0,24.61,35.43
Eurocopter AS355,420.0,hp,2,129.0,380.0,11200.0,1280.0,2600.0,887.0,190.0,42.45,35.07
Martin B-26 Marauder,2200.0,hp,2,249.0,2480.0,21000.0,1200.0,16783.0,1800.0,1212.0,58.23,71.0
Martin B-10,775.0,hp,2,185.0,1080.0,24200.0,1380.0,7440.0,1025.0,740.0,44.75,70.54
Martin AM Mauler,3000.0,hp,1,290.0,1324.0,27000.0,2780.0,11700.0,4830.0,510.0,41.17,50.0
Martin 187 Baltimore,1700.0,hp,2,295.0,850.0,24000.0,1247.0,10900.0,1100.0,490.0,48.56,61.35
Martin 167 Maryland,1050.0,hp,2,264.0,1100.0,30000.0,2400.0,7624.0,1100.0,617.0,46.59,61.35
Martin PBM Mariner,1600.0,hp,2,178.0,2600.0,19800.0,800.0,26300.0,1180.0,2700.0,77.1,118.11
Martin 4-0-4,2400.0,hp,2,271.0,2300.0,29000.0,1905.0,20366.0,4050.0,2000.0,74.47,93.24
Yakovlev Yak-18,300.0,hp,1,160.0,380.0,19700.0,1000.0,1320.0,180.0,75.0,27.23,34.78
Embraer ERJ 140,7426.0,lbf,2,450.0,1650.0,37000.0,2200.0,21100.0,5292.0,1690.0,93.34,65.75
Yakovlev Yak-142,14330.0,lbf,3,440.0,2200.0,32000.0,2500.0,57500.0,18000.0,4887.0,119.36,114.43
Eurocopter AS350 B3,847.0,hp,1,155.0,368.0,23000.0,2388.0,2800.0,1400.0,143.0,42.45,35.07
Sikorsky S-61R,1500.0,hp,2,143.0,678.0,21000.0,2220.0,10000.0,2948.0,683.0,72.18,62.34
Embraer ERJ 135,7580.0,lbf,2,450.0,1750.0,37000.0,2560.0,20000.0,4499.0,1690.0,86.38,65.75
Eurocopter AS350,732.0,hp,1,133.0,360.0,15100.0,1675.0,2250.0,2557.0,112.0,42.45,35.07
Yakovlev Yak-141,34000.0,lbf,1,971.0,1100.0,50900.0,49000.0,19500.0,2600.0,1616.0,60.24,33.14
Sikorsky MH-60R Seahawk,3425.0,hp,2,144.0,245.0,19000.0,1650.0,10682.0,4082.0,590.0,64.83,53.67
Embraer EMB 145 AEW,7426.0,lbf,2,450.0,1876.0,37000.0,2500.0,24100.0,5909.0,1950.0,98.0,65.75
Piper PA-24 Comanche,260.0,hp,1,169.0,1064.0,22000.0,1500.0,1315.0,622.0,90.0,25.0,36.09
Eurocopter AS332 Super Puma,1877.0,hp,2,150.0,460.0,19750.0,1620.0,9150.0,4500.0,534.0,55.08,53.15
Sikorsky MH-60 Jayhawk,1890.0,hp,2,180.0,700.0,5000.0,800.0,9926.0,3346.0,775.0,64.96,53.67
Embraer EMB 121 Xingu,750.0,hp,2,245.0,1264.0,26000.0,1797.89,5670.0,1960.0,346.0,40.19,47.41
Yakovlev Yak-130,5510.0,lbf,2,570.0,1100.0,41000.0,12800.0,10290.0,3000.0,970.0,37.7,31.89
Diamond DA-50 Magnum,170.0,hp,1,160.0,1000.0,18000.0,2000.0,1480.0,408.0,50.0,29.3,38.32
Dassault Mirage 2000 5Mk2,21400.0,lbf,1,1453.0,840.0,60000.0,60000.0,17460.0,6300.0,3978.0,47.11,29.95
Piper PA-20 Pacer,135.0,hp,1,137.0,465.0,15500.0,620.0,884.0,421.0,36.0,20.34,29.2
Eurocopter AS 532 AL Cougar,1877.0,hp,2,134.0,309.0,11320.0,1420.0,9000.0,4082.0,528.0,65.62,51.18
Sikorsky MH-53E Sea Dragon,5000.0,hp,3,150.0,1120.0,18503.0,2500.0,33340.0,14515.0,2277.0,99.08,78.74
Dassault Falcon 900EX,5000.0,lbf,3,565.0,4500.0,51000.0,3880.0,21909.0,2796.0,3129.0,66.3,63.42
Piper PA-15 Vagabond,65.0,hp,1,87.0,220.0,10000.0,510.0,499.0,110.0,36.0,18.67,29.26
Yakovlev Yak-11,700.0,hp,1,323.0,691.0,26000.0,1600.0,2482.0,649.0,96.0,26.9,30.84
Embraer EMB 110 Bandeirante,750.0,hp,2,248.0,1060.0,21490.0,1640.4,5900.0,1560.0,450.0,49.54,50.29
Rockwell Commander 112 / 114,260.0,hp,1,166.0,732.0,17400.0,1070.0,1479.0,446.0,70.0,25.03,32.74
Bombardier Learjet 60XR,4600.0,lbf,2,466.0,2409.0,51000.0,4500.0,10659.0,950.0,1181.0,58.69,43.8
Dassault Falcon 8X,6721.0,lbf,3,488.0,6450.0,51000.0,2055.0,33113.0,2223.0,4188.0,80.25,86.25
Piper PA-14 Family Cruiser,115.0,hp,1,107.0,434.0,12500.0,575.0,839.0,376.0,38.0,23.16,35.43
Sikorsky H-92 Superhawk / CH-148 Cyclone,3000.0,hp,2,151.0,800.0,15000.0,1310.0,12837.0,4832.0,760.0,56.1,56.33
Piper PA-12 Super Cruiser,108.0,hp,1,91.0,521.0,12600.0,600.0,795.0,259.0,38.0,22.83,35.43
Sikorsky CH-53K King Stallion,7500.0,hp,3,170.0,454.0,16000.0,2500.0,39916.0,16329.0,2400.0,99.08,78.74
Embraer 190,18500.0,lbf,2,480.0,2300.0,41000.0,3400.0,244471.0,13080.0,4268.0,118.9,94.22
Gulfstream G550,15385.0,lbf,2,586.0,6750.0,51000.0,4000.0,41277.0,2812.0,6164.0,96.46,93.5
Piper M500 Meridian,500.0,hp,1,260.0,1000.0,30000.0,1500.0,2310.0,770.0,170.0,29.53,42.98
Dassault Falcon 2000 LX,7000.0,lbf,2,482.0,4000.0,41000.0,12.0,19414.0,2244.0,2487.0,66.37,63.98
Piper M350 Mirage,350.0,hp,1,213.0,1343.0,25000.0,1400.0,1969.0,547.0,120.0,28.87,42.98
Piper J-3 Cub,65.0,hp,1,78.0,191.0,11500.0,450.0,554.0,205.0,12.0,22.31,35.24
Piper J-5 Cub Cruiser,75.0,hp,1,83.0,370.0,10200.0,460.0,658.0,172.0,18.0,22.51,35.5
Dassault Falcon 2000 DX,7000.0,lbf,2,482.0,3250.0,47000.0,2400.0,18594.0,2585.0,2477.0,66.37,63.42
Gulfstream G650,16100.0,lbf,2,516.0,7000.0,51000.0,4000.0,45178.0,2948.0,6600.0,99.74,99.57
Vickers VC10,22500.0,lbf,4,502.0,5080.0,43000.0,2300.0,141520.0,18052.0,19365.0,159.64,146.16
PA-11 Cub Special,90.0,hp,1,97.0,300.0,16000.0,514.0,553.0,210.0,12.0,22.38,35.17
Piper J-2 Cub,40.0,hp,1,76.0,180.0,12000.0,450.0,440.0,215.0,10.0,22.31,35.1
Piper PA-38 Tomahawk,112.0,hp,1,109.0,468.0,13000.0,720.0,757.0,245.0,30.0,23.1,33.99
Avro Vulcan,11000.0,lbf,4,561.0,2265.0,55000.0,16000.0,77111.0,10000.0,11140.0,99.9,110.99
Diamond DA-42 Twin Star,168.0,hp,2,197.0,1215.0,18000.0,1550.0,1999.0,358.0,76.0,28.08,44.45
Dassault Rafale,17000.0,lbf,2,1200.0,2000.0,55000.0,60000.0,24500.0,9520.0,4370.0,50.1,35.76
Rotorway Exec 162F,150.0,hp,1,100.0,157.0,10000.0,1000.0,680.0,193.0,17.0,29.53,24.93
Piper PA-46R-350T Matrix,350.0,hp,1,215.0,1343.0,25000.0,1150.0,1969.0,645.0,120.0,28.87,42.98
Bombardier Q300,2500.0,hp,2,287.0,924.0,25000.0,1800.0,19505.0,6124.0,835.0,84.32,89.89
Saab 340,1870.0,hp,2,283.0,935.0,25000.0,2047.0,13155.0,3400.0,850.0,64.73,70.34
Dassault Falcon 900LX,5000.0,lbf,3,513.0,4750.0,51000.0,2055.0,22255.0,2290.0,3120.0,66.3,70.14
Sikorsky S-70B Seahawk,1890.0,hp,2,146.0,450.0,12000.0,1650.0,9927.0,2725.0,594.0,64.83,53.67
Embraer Phenom 300,3360.0,lbf,2,453.0,2010.0,45000.0,4050.0,8150.0,1095.0,800.0,52.16,53.15
Embraer Legacy 650,9020.0,lbf,2,460.0,3900.0,41000.0,2500.0,24300.0,2240.0,3075.0,86.38,69.45
Agusta Westland AW101 Merlin,2100.0,hp,3,150.0,540.0,15000.0,2000.0,15600.0,5443.0,1100.0,74.8,61.02
OMA SUD Skycar,200.0,hp,2,160.0,1090.0,18000.0,1500.0,1995.0,555.0,132.0,29.26,39.37
Robinson R44,245.0,hp,1,110.0,348.0,14000.0,1000.0,1134.0,451.0,49.0,38.25,33.14
Bell UH-1 Iroquois “Huey”,1100.0,hp,1,109.0,253.0,19390.0,1755.0,4309.0,1760.0,211.0,57.09,47.9
Piper PA-61 Aerostar,290.0,hp,2,240.0,1063.0,25000.0,1800.0,2721.0,930.0,177.0,34.81,36.68
Piper PA-25 Pawnee,235.0,hp,1,107.0,203.0,13000.0,630.0,1315.0,545.0,36.0,24.77,36.15
Vought O2U Corsair,600.0,hp,1,145.0,591.0,18600.0,2100.0,2161.0,227.0,90.0,28.48,34.48
Cessna Citation CJ3,2820.0,lbf,2,417.0,2040.0,45000.0,4478.0,6291.0,894.0,564.0,42.58,53.15
Republic F-105 Thunderchief,26500.0,lbf,1,1210.0,1917.0,48500.0,38500.0,23967.0,6500.0,2810.0,64.37,34.94
Bombardier Global 5000,14750.0,lbf,2,513.0,5200.0,51000.0,3450.0,41957.0,3238.0,5859.0,96.78,94.16
Cessna Caravan Amphibian,675.0,hp,1,162.0,875.0,20000.0,939.0,3969.0,1451.0,335.0,39.04,52.16
Cessna Citation CJ1,1965.0,lbf,2,389.0,1300.0,41000.0,3698.0,4853.0,640.0,492.0,42.58,46.92
Cessna 441 Conquest II,636.0,hp,2,276.0,1566.0,35000.0,2435.0,4467.0,1039.0,475.0,39.04,49.21
Cessna 421 Golden Eagle,375.0,hp,2,256.0,1487.0,30200.0,1940.0,3379.0,764.0,206.0,36.74,41.01
Cessna 425 Conquest I,450.0,hp,2,265.0,1646.0,34700.0,1861.0,3719.0,725.0,366.0,35.76,43.96
Lockheed Martin F-117 Nighthawk,10600.0,lbf,2,594.0,930.0,69000.0,3000.0,23814.0,2268.0,2835.0,65.88,43.31
Lockheed U-2 Dragon Lady,17000.0,lbf,1,413.0,6090.0,70000.0,9000.0,18144.0,2268.0,2950.0,62.99,103.02
Cessna 320 Skyknight,260.0,hp,2,240.0,740.0,28100.0,1820.0,2263.0,816.0,133.0,29.2,36.68
Lockheed Martin C5 Galaxy,43000.0,lbf,4,503.0,2400.0,34000.0,12.0,1851852.0,122472.0,51150.0,247.04,222.73
Raytheon T-1 Jayhawk,2900.0,lbf,2,468.0,2900.0,41000.0,3770.0,7303.0,2653.0,530.0,48.39,43.47
Cessna 310,240.0,hp,2,190.0,870.0,20000.0,1700.0,2087.0,790.0,125.0,27.23,35.1
Lockheed L-749 Constellation,2500.0,hp,4,300.0,4341.0,24100.0,1140.0,48534.0,9195.0,6245.0,97.34,121.39
Cessna 210 Centurion,300.0,hp,1,204.0,900.0,27000.0,930.0,1814.0,769.0,87.0,28.21,36.74
Cessna 208 Caravan,675.0,hp,1,186.0,1070.0,25000.0,1234.0,3629.0,1393.0,335.0,37.73,52.16
North American T-6 Texan,600.0,hp,1,181.0,630.0,24200.0,1200.0,2548.0,250.0,140.0,29.49,42.32
Lockheed L-188 Electra,3750.0,hp,4,350.0,1900.0,28400.0,1970.0,51256.0,15300.0,5520.0,104.49,99.01
Hawker 900XP,4660.0,lbf,2,446.0,2929.0,41000.0,3415.0,12701.0,884.0,1199.0,51.18,54.33
Cessna 195 Businessliner,300.0,hp,1,155.0,700.0,18300.0,1200.0,1519.0,598.0,76.0,27.33,36.15
Lockheed L-1049 Super Constellation,3250.0,hp,4,294.0,4480.0,25700.0,1100.0,54431.0,16000.0,6550.0,113.52,123.03
Lockheed L-1011 Tristar 100,42000.0,lbf,3,515.0,3600.0,4200.0,2800.0,211000.0,33656.0,26502.0,177.72,155.35
North American T-28 Trojan,1425.0,hp,1,300.0,920.0,35500.0,3540.0,3856.0,600.0,178.0,34.12,40.35
Hawker 850XP,4660.0,lbf,2,430.0,2710.0,41000.0,3415.0,12700.0,962.0,1493.0,51.18,54.33
Cessna 188 AGwagon,230.0,hp,1,105.0,256.0,11000.0,690.0,1497.0,576.0,56.0,26.25,41.67
Lockheed L-1011 Tristar 1,42000.0,lbf,3,520.0,4250.0,42000.0,2800.0,200000.0,33656.0,23814.0,177.72,155.35
North American Rockwell OV-10 Bronco,1040.0,hp,2,250.0,1200.0,26000.0,2650.0,6552.0,1679.0,252.0,44.0,40.03
Cessna 185 Skywagon,300.0,hp,1,145.0,720.0,17150.0,1010.0,1519.0,635.0,65.0,25.75,35.83
Lockheed L-1011 TriStar 200,50000.0,lbf,3,515.0,3600.0,42000.0,2800.0,211374.0,33656.0,26502.0,177.72,155.35
North American T-2 Buckeye,2950.0,lbf,2,453.0,909.0,40400.0,6200.0,5978.0,300.0,691.0,38.71,38.06
Hawker 800,4300.0,lbf,2,449.0,2580.0,43000.0,3100.0,12428.0,907.0,1499.0,51.18,51.38
Hawker 750,4660.0,lbf,2,447.0,250.0,41000.0,3500.0,12246.0,1021.0,1443.0,51.18,51.34
Hawker 400XP,2965.0,lbf,2,450.0,1565.0,45000.0,4020.0,7393.0,914.0,733.0,48.42,43.4
North American P-51 Mustang,1720.0,hp,1,383.0,1434.0,41900.0,3200.0,5490.0,910.0,269.0,32.15,37.01
Cessna 182 Turbo Skylane,235.0,hp,1,159.0,930.0,18100.0,924.0,1406.0,467.0,92.0,29.0,36.09
Cessna 182,230.0,hp,1,150.0,915.0,18100.0,924.0,1406.0,503.0,92.0,28.87,35.99
Lockheed F-94 Starfire,8750.0,lbf,1,560.0,1108.0,51400.0,7980.0,10970.0,800.0,1526.0,44.49,43.96
Hawker 4000,6900.0,lbf,2,489.0,3280.0,45000.0,2692.0,17961.0,1043.0,1750.0,69.22,64.34
Cessna 180 Skywagon,230.0,hp,1,148.0,890.0,17700.0,1100.0,1270.0,469.0,88.0,25.75,35.99
Tupolev Tu-28,22300.0,lbf,2,1040.0,1385.0,51200.0,25000.0,43000.0,1900.0,4612.0,98.62,57.51
Lockheed F-104 Starfighter,15600.0,lbf,1,1260.0,1420.0,58000.0,48000.0,13166.0,2800.0,1340.0,54.66,21.75
Beechcraft T-34 Mentor,550.0,hp,1,280.0,708.0,25000.0,1500.0,1950.0,590.0,142.0,28.71,33.33
Cessna 177 Cardinal,180.0,hp,1,136.0,604.0,14600.0,840.0,1134.0,468.0,60.0,27.66,35.5
North American NA-16,400.0,hp,1,150.0,610.0,21500.0,1800.0,2300.0,200.0,100.0,27.59,42.65
Lockheed EC-130H Compass Call,4590.0,hp,4,320.0,2295.0,25000.0,1830.0,70000.0,45000.0,10000.0,97.74,132.58
Cessna 175 Skylark,175.0,hp,1,130.0,630.0,17800.0,950.0,1065.0,458.0,52.0,26.51,36.15
North American FJ-4 Fury,7700.0,lbf,1,590.0,1755.0,46800.0,7660.0,10750.0,2200.0,840.0,36.42,39.04
Lockheed Martin T50 Golden Eagle,17700.0,lbf,2,990.0,1000.0,48000.0,39000.0,13517.0,4536.0,880.0,42.58,30.08
Tupolev Tu-16,21000.0,lbf,2,570.0,3900.0,42000.0,2500.0,79000.0,9000.0,11200.0,114.17,108.27
Fairchild Swearingen Metroliner,1100.0,hp,2,293.0,1170.0,27000.0,2460.0,7484.0,1880.0,830.0,59.32,56.99
North American FJ-3 Fury,7650.0,lbf,1,587.0,860.0,47000.0,8450.0,8523.0,1000.0,600.0,37.4,37.07
Lockheed C-5M Super Galaxy,51000.0,lbf,4,450.0,2300.0,41000.0,2100.0,417305.0,129274.0,51150.0,247.7,222.77
Beechcraft Staggerwing C-17,850.0,hp,1,184.0,582.0,25000.0,1500.0,1928.0,617.0,145.0,26.84,31.99
North American FJ-1 Fury,4000.0,lbf,1,475.0,1301.0,32000.0,3300.0,6854.0,500.0,805.0,34.38,38.16
Cessna 172 Skyhawk,160.0,hp,1,123.0,687.0,13500.0,730.0,1157.0,398.0,56.0,27.23,36.09
Tupolev Tu-154,23149.0,lbf,3,513.0,3600.0,39700.0,3000.0,102000.0,18000.0,13100.0,157.48,123.19
Sukhoi/Beriev Be-103 “Snipe”,210.0,hp,2,130.0,460.0,16400.0,12.0,2270.0,380.0,90.0,34.94,41.73
Cessna 170,145.0,hp,1,120.0,514.0,15500.0,690.0,997.0,451.0,42.0,24.97,36.09
SEPECAT Jaguar,7305.0,lbf,1,918.0,1904.0,46000.0,25000.0,15700.0,4765.0,1100.0,55.22,28.51
Chengdu JJ-5,5010.0,lbf,1,566.0,660.0,46900.0,5300.0,6125.0,2000.0,667.0,37.73,31.56
Lockheed C-141 Starlifter,20250.0,lbf,4,493.0,2550.0,41000.0,2600.0,147000.0,41222.0,24000.0,168.31,160.1
Tupolev Tu-144,44000.0,lbf,4,1300.0,3500.0,66000.0,9800.0,207000.0,12000.0,32220.0,215.55,94.49
North American F-82 Twin Mustang,2250.0,hp,2,412.0,1950.0,38900.0,3770.0,11608.0,2000.0,576.0,42.42,51.25
Cessna 165 Airmaster,145.0,hp,1,141.0,480.0,18900.0,1000.0,1065.0,317.0,45.0,24.84,33.83
Beechcraft Premier 1A,2300.0,lbf,2,454.0,1360.0,41000.0,4000.0,5670.0,635.0,547.0,46.0,44.49
Chengdu J-7,14500.0,lbf,1,1200.0,1200.0,57400.0,38400.0,9100.0,3800.0,1530.0,48.82,27.3
North American F-107,24500.0,lbf,1,1125.0,2109.0,53200.0,39900.0,18841.0,4800.0,1260.0,61.84,36.58
Tupolev Tu-134,14990.0,lbf,2,485.0,1730.0,39700.0,2756.0,47600.0,8200.0,3500.0,122.37,95.18
North American F-100 Super Sabre,16000.0,lbf,1,803.0,1734.0,50000.0,22400.0,15800.0,3190.0,2612.0,49.21,38.71
Cessna 162 Skycatcher,100.0,hp,1,118.0,470.0,15500.0,898.0,600.0,157.0,25.0,22.64,30.38
Tupolev Tu-124,11900.0,lbf,2,520.0,1100.0,38400.0,2400.0,38000.0,6000.0,3500.0,100.33,83.82
Sukhoi Su-57 Felon,35000.0,lbf,2,1145.0,1900.0,66000.0,64000.0,35000.0,10000.0,2700.0,65.94,48.56
Chengdu J-20,40000.0,lbf,2,1333.0,3200.0,66000.0,60000.0,37013.0,12700.0,4166.0,75.46,49.21
Fairchild Dornier 328JET,6050.0,lbf,2,405.0,2001.0,35000.0,3690.0,15200.0,3410.0,1200.0,69.82,68.83
Cessna 152,110.0,hp,1,110.0,415.0,14700.0,715.0,757.0,256.0,26.0,24.08,33.33
Beechcraft King Air B200gt,850.0,hp,2,308.0,1592.0,35000.0,2450.0,5670.0,1043.0,190.0,43.83,54.4
Fairchild C-123 Provider,2500.0,hp,4,198.0,1165.0,29000.0,1220.0,27216.0,11000.0,2362.0,76.25,110.01
Chengdu J-10 Vigorous Dragon,29101.0,lbf,1,1261.0,2100.0,65600.0,46300.0,18400.0,4500.0,1480.0,50.85,31.82
Sukhoi Su-35,32000.0,lbf,2,1458.0,2400.0,60000.0,55000.0,34500.0,8000.0,4410.0,71.85,50.2
Tupolev Tu-114,14795.0,hp,4,475.0,4830.0,39000.0,2000.0,171000.0,20000.0,19280.0,177.49,167.65
North American BT-14,420.0,hp,1,150.0,762.0,21650.0,1100.0,2065.0,280.0,104.0,28.54,42.98
Pilatus PC-24,3400.0,lbf,2,440.0,2072.0,45000.0,4070.0,8300.0,1134.0,889.0,55.12,55.77
Beechcraft King Air 350,1050.0,hp,2,312.0,1550.0,35000.0,2700.0,6804.0,2726.0,433.0,46.65,57.91
Tupolev Tu-104,21400.0,lbf,2,510.0,1480.0,39000.0,2000.0,78100.0,12000.0,7000.0,131.43,113.32
North American B-45 Tornado,6000.0,lbf,4,492.0,1036.0,46000.0,5200.0,41628.0,10000.0,5746.0,75.33,89.01
Dornier 328,2180.0,hp,2,335.0,1000.0,31000.0,3690.0,13990.0,3739.0,1130.0,69.82,68.83
Fairchild C-119 Flying Boxcar,3500.0,hp,2,244.0,1540.0,24000.0,1010.0,33566.0,12500.0,2800.0,86.51,109.25
Fairchild AC-119,3500.0,hp,2,180.0,1674.0,23300.0,950.0,28125.0,3335.0,2240.0,86.48,109.25
Sukhoi Su-31,400.0,hp,1,178.0,594.0,43000.0,4700.0,1100.0,350.0,76.0,22.64,26.9
Pilatus PC-21,1600.0,hp,1,370.0,720.0,25000.0,4250.0,4250.0,1150.0,145.0,36.81,29.89
Beechcraft Bonanza G36,300.0,hp,1,176.0,920.0,18500.0,1230.0,1656.0,482.0,74.0,27.49,33.5
North American B-25 Mitchell,1700.0,hp,2,236.0,1170.0,24200.0,1000.0,15876.0,3060.0,974.0,52.92,67.58
Pilatus PC-12NGX,1200.0,hp,1,290.0,1803.0,30000.0,1920.0,4740.0,1014.0,402.0,47.24,53.41
Sukhoi Su-30,29400.0,lbf,2,1145.0,1620.0,59000.0,45275.0,34500.0,8000.0,3165.0,71.95,48.23
Beechcraft Baron,300.0,hp,2,202.0,1052.0,20688.0,12.0,12125.0,560.0,194.0,29.82,37.83
Antonov An-225 Mriya,51600.0,lbf,6,459.0,8300.0,36000.0,1900.0,640000.0,250000.0,64000.0,275.59,290.02
Fairchild 24,200.0,hp,1,108.0,404.0,12700.0,900.0,1307.0,485.0,24.0,23.85,36.35
Beechcraft 1900,1279.0,hp,2,284.0,1498.0,25000.0,2625.0,7766.0,2100.0,669.0,57.84,57.97
NAA F-86 Sabre,5910.0,lbf,1,597.0,1325.0,49600.0,10000.0,8234.0,2404.0,837.0,37.4,37.07
Antonov An-22,15000.0,hp,4,400.0,5910.0,25000.0,1500.0,250000.0,60000.0,11400.0,190.02,211.28
North American AJ Savage,2400.0,hp,2,409.0,1504.0,43000.0,2900.0,23112.0,6000.0,1640.0,63.06,75.46
Hawker Siddeley HS-121 Trident,11960.0,lbf,3,525.0,2084.0,35000.0,3000.0,68000.0,14692.0,6533.0,131.23,98.1
NAA A-5 Vigilante,17000.0,lbf,2,1147.0,1121.0,52100.0,8000.0,29937.0,13721.0,291.0,76.51,52.98
Hawker Siddeley AV-8B Harrier,23500.0,lbf,1,575.0,1965.0,50000.0,14700.0,14062.0,6003.0,2364.0,46.32,30.35
Hawker Hunter,10145.0,lbf,1,621.0,1700.0,50000.0,17200.0,11158.0,1814.0,497.0,45.93,33.66
Antonov An-12,4000.0,lbf,4,420.0,3100.0,33500.0,2000.0,61000.0,20000.0,8080.0,108.59,124.67
Lockheed JetStar C-140,3700.0,lbf,4,507.0,2604.0,43000.0,4150.0,20185.0,1280.0,2660.0,60.43,54.46
British Aero BAe Jetstream 41,1650.0,hp,2,295.0,774.0,26000.0,2200.0,10886.0,3130.0,873.0,63.16,60.01
Cessna Citation X Plus,7034.0,hp,2,528.0,3429.0,51000.0,2000.0,16601.0,1140.0,1930.0,73.59,69.19
Bristol Freighter,2000.0,hp,2,196.0,715.0,23000.0,1000.0,19958.0,7341.0,1170.0,68.34,108.0
Piaggio P180 Avanti II,850.0,hp,2,402.0,1793.0,41000.0,2950.0,5489.0,862.0,418.0,47.28,46.03
EADS Socata TBM 700,700.0,hp,1,300.0,1305.0,31000.0,2300.0,3354.0,610.0,55.0,34.91,41.57
Dornier Alpha Jet,3000.0,lbf,2,540.0,1590.0,50000.0,12000.0,8000.0,2500.0,502.0,43.4,29.89
Antonov An-140,2465.0,hp,2,310.0,2000.0,24900.0,1344.0,21500.0,6000.0,1430.0,74.15,80.38
Aviat Husky,180.0,hp,1,120.0,700.0,20000.0,1500.0,998.0,420.0,52.0,24.8,35.5
Kamov Ka-115,640.0,hp,1,135.0,421.0,17100.0,2280.0,1850.0,900.0,203.0,30.18,31.17
Antonov An-124 Ruslan,51600.0,lbf,4,467.0,8900.0,39000.0,1300.0,405000.0,136078.0,92130.0,226.7,240.48
Tupolev Tu-95,15000.0,hp,4,440.0,8100.0,45000.0,2000.0,188000.0,5000.0,29100.0,161.09,164.37
MD 500 MG Defender,420.0,hp,1,117.0,318.0,13800.0,1700.0,1361.0,454.0,63.0,30.77,26.41
Aviat Pitts S-2C,260.0,hp,1,169.0,277.0,21000.0,2700.0,737.0,247.0,29.0,18.77,20.01
Fairchild 22,145.0,hp,1,116.0,300.0,20000.0,900.0,794.0,253.0,21.0,22.24,33.0
NAA XB-70 Valkyrie,30000.0,lbf,6,1737.0,3726.0,77350.0,7170.0,245847.0,9072.0,35947.0,185.69,104.99
Mooney M20TN Acclaim / Type S,280.0,hp,1,242.0,1852.0,25000.0,1380.0,1527.0,454.0,108.0,26.74,36.42
Sukhoi Su-26 M3,430.0,hp,1,168.0,648.0,13000.0,3500.0,962.0,385.0,68.0,22.41,26.9
Sikorsky HH-3F Pelican,1500.0,hp,2,143.0,780.0,21000.0,2220.0,10002.0,3630.0,1075.0,73.16,62.34
BAe Panavia Tornado IDS,17300.0,lbf,2,1313.0,750.0,50000.0,15100.0,28000.0,8999.0,1231.0,54.85,45.64
Eurocopter EC130,847.0,hp,1,155.0,347.0,23000.0,2290.0,2427.0,1160.0,143.0,41.47,35.07
Sikorsky CH-53E Super Stallion,4380.0,hp,3,150.0,540.0,18500.0,2500.0,33340.0,14515.0,2810.0,99.08,79.0
Aérospatiale-BAC Concorde,38050.0,lbf,4,1258.0,3900.0,60000.0,5000.0,185070.0,11000.0,31484.0,202.29,83.99
Bristol Britannia,4450.0,hp,4,345.0,4640.0,28000.0,2220.0,83915.0,28000.0,8070.0,124.24,142.26
Bristol Belvedere,1465.0,hp,2,120.0,400.0,12000.0,850.0,8618.0,2700.0,689.0,89.76,48.92
Agusta Westland AW149,2000.0,hp,2,159.0,500.0,20000.0,2000.0,8000.0,2722.0,546.0,57.64,47.9
Focke-Wulf Fw 190,1953.0,hp,1,352.0,490.0,33960.0,3000.0,4900.0,1000.0,169.0,29.36,34.45
Bristol Sycamore,550.0,hp,1,110.0,290.0,16000.0,1150.0,2540.0,454.0,107.0,61.09,48.56
Kazan Mi-17,1950.0,hp,2,124.0,251.0,19685.0,1575.0,13000.0,4000.0,977.0,60.6,69.88
Antonov An-70,13880.0,hp,4,400.0,3563.0,39000.0,4900.0,145000.0,47000.0,10038.0,133.63,144.55
EADS Socata TBM 850,850.0,hp,1,320.0,1585.0,31000.0,2005.0,3353.0,659.0,55.0,35.17,42.09
Cessna TTx,310.0,hp,1,235.0,1270.0,25000.0,1400.0,1633.0,350.0,102.0,25.16,36.09
Douglas DC-8-63,18000.0,lbf,4,483.0,4000.0,42000.0,2000.0,161027.0,50703.0,24260.0,187.33,142.39
KAI FA-50 Fighting Eagle,22000.0,lbf,1,992.0,1000.0,48000.0,36000.0,12300.0,5830.0,790.0,43.11,31.0
Douglas DC-8-62,18000.0,lbf,4,483.0,5200.0,42000.0,2000.0,151995.0,41171.0,24260.0,157.48,138.78
Dassault Falcon 6X,13000.0,lbf,2,516.0,5500.0,51000.0,3880.0,35135.0,5110.0,5043.0,84.25,85.1
Bombardier Global 8000,16500.0,lbf,2,487.0,7900.0,51000.0,3500.0,47536.0,2585.0,5874.0,102.36,104.0
Focke-Wulf Fw 189,459.0,hp,2,186.0,510.0,23000.0,1018.0,4000.0,600.0,116.0,39.37,60.37
Embraer 195,20000.0,lbf,2,480.0,2300.0,41000.0,2000.0,52290.0,13650.0,4268.0,126.8,94.22
Xian H-6,21000.0,lbf,2,570.0,3200.0,42000.0,3600.0,79000.0,39000.0,12125.0,114.17,108.27
Mikoyan-Gurevich MiG-9,1754.0,lbf,2,490.0,430.0,43000.0,4300.0,4860.0,1500.0,429.0,31.99,32.81
Douglas A-4 Skyhawk,8500.0,lbf,1,586.0,1739.0,42250.0,10300.0,11115.0,4000.0,1796.0,40.09,27.49
General Dynamics F-111 Aardvark,25100.0,lbf,2,1434.0,3210.0,66000.0,25890.0,45360.0,14300.0,5020.0,73.49,62.99
Short 312 Tucano,1100.0,hp,1,274.0,899.0,34000.0,3510.0,3275.0,1258.0,191.0,32.35,37.01
Mikoyan-Gurevich MiG-3,1332.0,hp,1,350.0,440.0,39000.0,2620.0,3355.0,655.0,170.0,27.07,33.46
Douglas DC-8-51,18000.0,lbf,4,483.0,5855.0,35000.0,1300.0,147420.0,23467.0,23393.0,150.69,142.39
Mikoyan-Gurevich MiG-27,25400.0,lbf,1,1018.0,1300.0,46000.0,39000.0,20670.0,4000.0,1925.0,56.1,45.83
Mikoyan-Gurevich MiG-23,18800.0,lbf,1,1349.0,1520.0,60000.0,45000.0,17800.0,3000.0,1130.0,54.79,45.83
Rockwell OV-10 Bronco,1040.0,hp,2,250.0,1200.0,26000.0,2650.0,6552.0,1679.0,252.0,44.0,39.99
Mikoyan-Gurevich MiG-21,15640.0,lbf,1,1174.0,360.0,58400.0,23600.0,9800.0,3376.0,1012.0,48.23,23.46
Dassault Falcon 7X,6402.0,lbf,3,515.0,5950.0,51000.0,3880.0,31751.0,1996.0,4767.0,76.71,85.99
Messerschmitt Me 410,1750.0,hp,2,337.0,1200.0,33000.0,1840.0,10750.0,1200.0,660.0,40.94,53.64
Convair 990 Coronado,16050.0,lbf,4,540.0,3302.0,41000.0,3250.0,114760.0,11991.0,15675.0,139.76,120.08
Grumman HU-16 Albatross,1425.0,hp,2,205.0,2480.0,21500.0,1450.0,17010.0,4535.0,1709.0,62.86,96.65
Mikoyan-Gurevich MiG-19,7100.0,lbf,2,784.0,1200.0,57400.0,35000.0,8832.0,2388.0,480.0,41.01,29.53
Messerschmitt Me 323,1160.0,hp,6,154.0,593.0,13000.0,710.0,43000.0,12000.0,2837.0,92.52,181.1
Mikoyan-Gurevich MiG-17,7600.0,lbf,1,618.0,1090.0,54500.0,12800.0,6069.0,1420.0,420.0,36.94,31.59
Messerschmitt Me 262,1980.0,lbf,2,490.0,570.0,37600.0,3937.0,7045.0,1000.0,635.0,34.78,41.01
Cessna Citation CJ2,2490.0,lbf,2,418.0,1781.0,45000.0,4120.0,5612.0,635.0,587.0,47.67,49.84
Fairchild Republic A-10 Warthog,9065.0,lbf,2,400.0,2240.0,45000.0,600.0,22950.0,7257.0,1917.0,53.02,57.15
Mikoyan-Gurevich MiG-15,6000.0,hp,1,598.0,1360.0,50800.0,10080.0,6106.0,1363.0,380.0,33.14,33.14
Cessna 206 Stationair,300.0,hp,1,151.0,721.0,15700.0,960.0,1633.0,560.0,92.0,28.21,35.99
HAL Chetak,871.0,hp,1,113.0,292.0,21325.0,950.0,2200.0,1070.0,152.0,42.13,36.15
Messerschmitt Bf 110,1050.0,hp,2,256.0,418.0,32810.0,2200.0,6750.0,1000.0,336.0,39.7,53.31
Douglas DC-8-61,18000.0,lbf,4,483.0,3200.0,42000.0,2000.0,147400.0,27400.0,23393.0,187.01,148.42
Beechcraft Starship 2000,1200.0,hp,2,335.0,1576.0,41000.0,2748.0,6758.0,544.0,565.0,46.1,54.4
Messerschmitt Bf 109,1455.0,hp,1,350.0,618.0,39000.0,3300.0,3400.0,500.0,85.0,29.36,32.55
Vickers Viscount 700,1381.0,hp,4,276.0,1157.0,28500.0,1200.0,27240.0,5909.0,1620.0,81.89,93.77
Mikoyan MIG-31E Foxhound,34172.0,lbf,2,1620.0,1620.0,82000.0,56700.0,46200.0,1724.0,5306.0,74.21,44.16
Cessna Citation Encore,3400.0,lbf,2,428.0,1960.0,45000.0,4600.0,7543.0,941.0,806.0,47.9,54.1
Grumman F-14 Tomcat,27800.0,lbf,2,1342.0,1600.0,56000.0,45000.0,33725.0,6600.0,2985.0,62.66,64.14
Eurocopter EC120,504.0,hp,1,150.0,397.0,20000.0,1400.0,1800.0,724.0,110.0,37.79,32.81
Mitsubishi T-2,7140.0,lbf,2,920.0,1550.0,50000.0,35000.0,12800.0,2700.0,1010.0,58.56,25.85
Mitsubishi F-1,8000.0,lbf,2,920.0,1550.0,50000.0,35000.0,13674.0,2720.0,980.0,58.6,25.85
Mitsubishi MU-2,776.0,hp,2,295.0,1260.0,29590.0,2360.0,5250.0,1726.0,367.0,39.4,39.4
Airbus Beluga,58000.0,lbf,2,493.0,1501.0,35000.0,1200.0,155000.0,47000.0,16378.0,184.22,147.11
Boeing B-17 Flying Fortress,1200.0,hp,4,249.0,1738.0,35600.0,900.0,29700.0,9786.0,1700.0,74.8,103.67
Mitsubishi A6M Zero,1130.0,hp,1,288.0,1010.0,33000.0,3090.0,2796.0,270.0,224.0,29.72,39.37
Boeing 787-9 Dreamliner,71000.0,lbf,2,516.0,8500.0,43100.0,3000.0,254011.0,63958.0,33398.0,206.07,197.24
Mitsubishi F-2,29500.0,lbf,1,1147.0,451.0,59000.0,48000.0,22100.0,9000.0,1225.0,50.85,36.42
Boeing 777-300,98000.0,lbf,2,510.0,6030.0,43100.0,3000.0,299370.0,66770.0,45220.0,242.45,199.8
Airbus ACJ320neo,27000.0,lbf,2,470.0,6750.0,41000.0,2500.0,79016.0,17900.0,9070.0,123.26,117.45
Boeing 777-300ER,115300.0,lbf,2,510.0,7730.0,43100.0,3000.0,351535.0,69853.0,47890.0,242.32,212.6
Airbus A400M,11000.0,hp,4,421.0,4800.0,40000.0,3000.0,141000.0,37000.0,16611.0,143.7,139.11
Airbus A380 Private Jet,70000.0,lbf,4,511.0,9400.0,43000.0,4500.0,560000.0,90800.0,85472.0,239.5,261.81
Boeing 777 Freighter,115300.0,lbf,2,511.0,4970.0,43100.0,2500.0,347815.0,103737.0,47890.0,208.99,212.6
Boeing 777-200ER,93700.0,lbf,2,510.0,7510.0,43100.0,3000.0,297550.0,59422.0,45220.0,208.99,199.8
Boeing 777 VIP,98000.0,lbf,2,512.0,10030.0,43100.0,2500.0,347500.0,63957.0,47890.0,208.99,212.6
Boeing 767-300,60600.0,lbf,2,486.0,5975.0,43000.0,3000.0,158758.0,41558.0,16700.0,180.25,156.07
Boeing 767-400,63300.0,lbf,2,493.0,5625.0,43000.0,2500.0,204120.0,46538.0,24140.0,201.44,170.27
Boeing 767-200,60600.0,lbf,2,493.0,6590.0,43199.0,2000.0,142882.0,33271.0,16700.0,159.12,156.17
Boeing 767 Freighter,62100.0,lbf,2,486.0,3225.0,43100.0,3000.0,186880.0,54885.0,24140.0,180.25,156.07
Boeing 757-200,42600.0,lbf,2,496.0,3915.0,42000.0,3500.0,99800.0,25920.0,11276.0,155.18,124.67
Boeing 757-300,43500.0,lbf,2,496.0,3467.0,42000.0,3500.0,123830.0,30940.0,11490.0,178.57,124.87
McDonnell Douglas MD-90,25000.0,lbf,2,506.0,2045.0,42000.0,3200.0,70760.0,18960.0,6405.0,152.56,107.84
Airbus A340-200,34000.0,lbf,4,470.0,6700.0,41000.0,1500.0,274880.0,50803.0,36678.0,194.95,197.83
McDonnell Douglas MD-88,21000.0,lbf,2,472.0,2550.0,37000.0,2700.0,72600.0,16600.0,7000.0,147.83,107.68
Boeing 747-8 VIP / BBJ,66500.0,lbf,4,564.0,8000.0,43000.0,2500.0,447696.0,76067.0,63034.0,250.16,224.41
Airbus A340 Private Jet,34000.0,lbf,4,330.0,7400.0,41000.0,2000.0,275000.0,39463.0,39060.0,247.04,197.83
Boeing 747SP,48750.0,lbf,4,540.0,6650.0,45100.0,2000.0,315700.0,33136.0,50360.0,184.71,195.54
McDonnell Douglas MD-83,21000.0,lbf,2,472.0,2550.0,37000.0,2500.0,79686.0,19193.0,6981.0,147.7,107.77
McDonnell Douglas MD-87,20000.0,lbf,2,470.0,2900.0,37000.0,3000.0,67812.0,16837.0,6980.0,130.41,107.61
Boeing 747-8 Freighter,66500.0,lbf,4,530.0,4390.0,43000.0,2500.0,447696.0,132630.0,59734.0,250.13,224.41
McDonnell Douglas MD-82,20000.0,lbf,2,485.0,2050.0,37000.0,2500.0,67800.0,19700.0,5840.0,147.67,107.68
Boeing 747-8,66500.0,lbf,4,533.0,8000.0,43000.0,2500.0,447696.0,76067.0,63034.0,250.16,224.41
McDonnell Douglas MD-81,18500.0,lbf,2,480.0,1800.0,37000.0,3000.0,63500.0,18195.0,5846.0,147.7,107.61
Airbus A330-200F,71000.0,lbf,2,493.0,4000.0,41000.0,12.0,233000.0,69000.0,25765.0,192.91,197.83
Boeing 747-400F,63300.0,lbf,4,506.0,4455.0,43000.0,1500.0,396894.0,122945.0,57285.0,231.85,212.99
McDonnell Douglas KC-10 Extender,52500.0,lbf,3,468.0,4400.0,42000.0,6870.0,268980.0,76843.0,42720.0,181.59,165.39
Airbus A330 MRTT,72000.0,lbf,2,475.0,8000.0,42700.0,2000.0,233000.0,45000.0,36570.0,192.98,197.77
Boeing 747-400ER,63300.0,lbf,4,590.0,7670.0,43000.0,1500.0,412770.0,67177.0,63485.0,231.85,212.99
McDonnell Douglas F-4 Phantom II,17900.0,lbf,2,1280.0,1520.0,62000.0,41300.0,28030.0,8500.0,3335.0,62.99,38.39
Airbus A330 Corporate Jet,64500.0,lbf,2,470.0,13450.0,37000.0,41000.0,242000.0,45900.0,36744.0,192.98,197.83
Boeing 747-400 LCF Dreamlifter,63300.0,lbf,4,474.0,4212.0,41000.0,1500.0,364235.0,150000.0,52609.0,235.17,211.28
Boeing 747-400,63300.0,lbf,4,504.0,7285.0,45000.0,1500.0,396890.0,71395.0,57285.0,231.82,212.92
McDonnell Douglas DC-9-50,16000.0,lbf,2,485.0,1300.0,35000.0,2000.0,54885.0,15265.0,2957.0,133.59,93.34
McDonnell Douglas F-15 Eagle,23770.0,lbf,2,1630.0,3000.0,65000.0,50000.0,30844.0,10659.0,4345.0,63.75,42.85
Airbus A321neo Sharklet,33110.0,lbf,2,473.0,4000.0,40000.0,2500.0,97000.0,25500.0,8700.0,146.03,117.45
Airbus A321,56200.0,lbf,2,542.0,3200.0,39000.0,12.0,93500.0,21725.0,7841.0,146.03,111.88
Boeing 747-300,56900.0,lbf,4,507.0,6330.0,45100.0,2000.0,341500.0,66300.0,48436.0,231.82,195.67
McDonnell Douglas DC-9-40,16000.0,lbf,2,485.0,1200.0,35000.0,3000.0,51710.0,14363.0,3679.0,125.59,93.31
Boeing 747-100,51600.0,lbf,4,507.0,4620.0,45100.0,1000.0,333394.0,177809.0,48445.0,231.95,195.54
Boeing 747-200,54750.0,lbf,4,522.0,6560.0,45100.0,1000.0,377800.0,68180.0,52410.0,230.97,195.67
Boeing 737-600,22000.0,lbf,2,453.0,3235.0,41000.0,3000.0,65554.0,15558.0,6875.0,102.36,117.12
Airbus A318 Elite ACJ,24000.0,lbf,2,447.0,4200.0,41000.0,1350.0,68000.0,12000.0,6400.0,103.18,111.88
McDonnell Douglas DC-10-30ER,54000.0,lbf,3,507.0,5730.0,42000.0,2200.0,267600.0,46180.0,36652.0,181.59,165.32
McDonnell Douglas DC-10-40,53000.0,lbf,3,530.0,5100.0,42000.0,2000.0,251744.0,44356.0,36652.0,182.08,165.35
McDonnell Douglas DC-10-30,51000.0,lbf,3,507.0,5200.0,42000.0,2000.0,251744.0,46180.0,36652.0,181.59,165.32
Airbus A318,34000.0,lbf,2,526.0,3100.0,41000.0,3000.0,68000.0,14050.0,6400.0,103.18,111.88
Boeing 737-300,22000.0,lbf,2,491.0,2255.0,37000.0,2500.0,62820.0,16892.0,5311.0,109.58,94.82
Boeing 737-400,23500.0,lbf,2,473.0,2060.0,37000.0,3000.0,68039.0,18253.0,5311.0,119.42,94.82
Airbus A310-300,62000.0,lbf,2,482.0,5150.0,41000.0,2500.0,164000.0,34793.0,16132.0,153.08,144.03
McDonnell Douglas DC-10 Air Tanker,40000.0,lbf,3,473.0,3500.0,42000.0,2000.0,195045.0,43014.0,21762.0,182.25,155.35
Airbus A310-200,57900.0,lbf,2,459.0,4300.0,41100.0,2500.0,142000.0,32334.0,12683.0,153.08,144.03
Boeing 737-200,16000.0,lbf,2,504.0,2600.0,37000.0,1500.0,52390.0,12791.0,4720.0,100.16,93.01
McDonnell Douglas DC-10-10,40000.0,lbf,3,507.0,3500.0,42000.0,2000.0,195045.0,43014.0,21762.0,182.08,155.35
Boeing 737-100,14000.0,lbf,2,460.0,1720.0,37000.0,1500.0,49895.0,12701.0,4720.0,93.99,93.01
Airbus A300B1,49000.0,lbf,2,345.0,1850.0,35000.0,3000.0,132000.0,33500.0,10800.0,167.32,147.08
McDonnell Douglas C-9 Nightingale,14500.0,lbf,2,500.0,1739.0,37000.0,3000.0,50000.0,13674.0,3679.0,119.29,93.31
Airbus A300-600F,52000.0,lbf,2,450.0,4050.0,40000.0,3200.0,154675.0,49532.0,18000.0,177.49,147.11
Hughes OH-6 Cayuse,317.0,hp,1,130.0,330.0,15800.0,2067.0,1610.0,713.0,62.0,30.84,26.34
Airbus A300-600,99040.0,lbf,2,484.0,4050.0,40000.0,3000.0,165000.0,54750.0,18000.0,177.49,147.11
Boeing 737 MAX 7,29317.0,lbf,2,453.0,3850.0,41000.0,2500.0,72348.0,14016.0,6820.0,116.67,117.78
Boeing 737 MAX 10,31000.0,lbf,2,453.0,3300.0,41000.0,3000.0,89765.0,18778.0,6820.0,143.7,117.85
Boeing 737 Convertible,26300.0,lbf,2,450.0,3445.0,41000.0,3000.0,70080.0,17554.0,6875.0,110.33,112.6
Boeing 777-200LR,115300.0,lbf,2,510.0,8555.0,43100.0,2500.0,347452.0,63957.0,47890.0,208.99,212.6
Aero Spacelines Super Guppy,3750.0,hp,4,250.0,1734.0,25000.0,1500.0,77110.0,31297.0,6580.0,143.83,156.23
Boeing 727,17400.0,lbf,3,534.0,2690.0,42000.0,2500.0,95100.0,19660.0,10570.0,153.15,108.0
Boeing 707,19000.0,lbf,4,545.0,50000.0,43000.0,3550.0,151500.0,40000.0,23855.0,152.92,145.73
Airbus A350-900,87000.0,lbf,2,488.0,8100.0,43000.0,12.0,280000.0,43500.0,39626.0,219.49,209.97
Airbus A350-900F,87001.0,lbf,2,488.0,8100.0,43000.0,12.0,280000.0,48500.0,39000.0,219.49,209.97
Boeing 737-900ER,28400.0,lbf,2,510.0,3235.0,41000.0,3000.0,85139.0,23045.0,7837.0,138.12,117.42
Agusta Westland Grand,735.0,hp,2,156.0,480.0,16200.0,1830.0,3200.0,1540.0,213.0,42.52,35.53
McDonnell Douglas MD-95 / Boeing 717,21000.0,lbf,2,495.0,2060.0,37000.0,3000.0,54885.0,14515.0,4403.0,124.01,93.4
Shenyang J-15,30000.0,lbf,2,1301.0,1900.0,66000.0,64000.0,33000.0,15000.0,3700.0,71.85,48.23
Beechcraft King Air C90gti,550.0,hp,2,226.0,1321.0,30000.0,1953.0,4581.0,1043.0,384.0,35.5,50.26
Airbus A300B4,53000.0,lbf,2,495.0,2900.0,35000.0,3000.0,165000.0,37495.0,16380.0,175.88,147.08
Lockheed Martin F-35 Lightning II,43000.0,lbf,1,1043.0,1500.0,65000.0,40000.0,31751.0,8160.0,2760.0,51.51,35.1
Avro Lancaster,1280.0,hp,4,249.0,2200.0,24500.0,720.0,30844.0,10000.0,2950.0,69.32,102.0
Piper PA-28 Warrior,160.0,hp,1,127.0,600.0,14000.0,710.0,1106.0,410.0,50.0,23.62,34.78
McDonnell Douglas DC-9-30,15000.0,lbf,2,485.0,1500.0,35000.0,2000.0,48988.0,13674.0,3679.0,119.29,93.31
Fokker 50,2500.0,hp,2,286.0,1110.0,25000.0,1500.0,20820.0,5500.0,1357.0,82.84,95.14
Boeing BBJ 787-800,64000.0,lbf,2,515.0,9945.0,43000.0,3000.0,227930.0,35300.0,33340.0,186.09,196.85
Boeing 787-3,53000.0,lbf,2,510.0,3050.0,43000.0,2500.0,170000.0,49796.0,12830.0,187.01,170.6
GBA Hawk 5,420.0,hp,1,122.0,442.0,16000.0,1500.0,1588.0,692.0,100.0,22.97,42.65
LaBiche FSC-1 Flying Sports Car,450.0,hp,1,217.0,845.0,34100.0,2438.0,1724.0,610.0,90.0,19.0,33.33
Westland Wasp,710.0,hp,1,104.0,265.0,12200.0,1440.0,2495.0,360.0,186.0,40.32,32.25
Westland Lynx,1362.0,hp,2,175.0,370.0,10600.0,2480.0,5330.0,1360.0,343.0,49.87,41.99
Nextant G90XT,845.0,hp,2,280.0,1285.0,30000.0,2000.0,4762.0,972.0,310.0,35.5,53.67
Westland Scout,1050.0,hp,1,114.0,275.0,17700.0,1670.0,2405.0,680.0,186.0,40.32,32.25
Cessna 150,100.0,hp,1,109.0,420.0,14000.0,670.0,726.0,217.0,26.0,23.92,33.17
Bell CH-146 Griffon,1250.0,hp,1,140.0,354.0,20000.0,1350.0,5398.0,1830.0,331.0,56.1,46.0
Embraer 170,14200.0,lbf,2,480.0,2150.0,41000.0,3400.0,38600.0,9743.0,3071.0,98.1,85.3
Boeing BBJ 787-9,71000.0,lbf,2,488.0,9485.0,43100.0,2500.0,254011.0,47627.0,33399.0,206.07,197.24
Embraer 175,14200.0,lbf,2,480.0,2200.0,41000.0,2000.0,40370.0,10094.0,3072.0,103.94,85.3
Agusta Westland AW159 Wildcat,1361.0,hp,2,143.0,420.0,20000.0,2200.0,6050.0,2000.0,207.0,50.0,41.99
Bell Boeing V-22 Osprey,6150.0,hp,2,270.0,879.0,26000.0,4100.0,27443.0,9068.0,2025.0,57.41,45.93
AgustaWestland AW169,1000.0,hp,2,165.0,440.0,16400.0,2000.0,4800.0,600.0,298.0,48.06,39.76
AgustaWestland AW189,2000.0,hp,2,169.0,470.0,20000.0,1960.0,8600.0,2674.0,545.0,57.74,47.9
Convair B-36 Peacemaker,3800.0,hp,6,378.0,8700.0,45000.0,1995.0,185973.0,39600.0,30600.0,162.07,229.98
MIL Mi-26 ‘Halo’,11400.0,hp,2,159.0,1054.0,15100.0,1522.0,56000.0,20000.0,3170.0,131.33,104.99
Lockheed Martin F-22 Raptor,35000.0,lbf,2,1963.0,1600.0,65000.0,68897.0,38000.0,1776.0,2400.0,62.01,44.49
Bell 429,720.0,hp,2,150.0,386.0,20000.0,2000.0,3629.0,1481.0,217.0,42.98,36.09
Cessna 337 Super Skymaster,210.0,hp,2,173.0,839.0,19500.0,1200.0,1996.0,792.0,128.0,29.76,38.71
